Page,Pageviews
,
versacover-case-with-folding-cover,30988
,
muse-13-slim-fit-sleeve,6911
,
digits-touchscreen-gloves,3660
,
iongo-5k-duo-portable-battery-with-built-in-lightning-and-usb-c-cables,2539
,
progeo-usb-c-wall-charger-42-w,2184
,
muto-three-way-convertible-backpack,1657
,
iglaze-slim-hardshell-case,1653
,
iglaze-hardshell-case,1506
,
helios-lite-slim-laptop-backpack,1457
,
integra-usb-a-to-lightning-charge-sync-cable-4-ft-1-2-m,1431
,
lounge-q-wireless-charging-stand,1372
,
otto-q-wireless-charging-pad,1323
,
pebbo-for-airpods-pro,1216
,
altra-slim-hardshell-case-with-strap,1068
,
iongo-5k-portable-battery-with-built-in-lightning-and-usb-a-cables,1016
,
sette-q-dual-wireless-charging-pad-with-adapter,1009
,
ivisor-ag-anti-glare-screen-protector,967
,
porto-q-5k-portable-battery-with-built-in-wireless-charger,958
,
ionslim-5k-usb-c-portable-battery,951
,
3-in-1-universal-charging-cable,757
,
verana-tote-work-bag,757
,
omniguard-mask-with-3-replaceable-nanohedron-filters,679
,
snapto-magnetic-wireless-charger-with-built-in-wall-mount-kit,667
,
helios-mini-backpack,664
,
hexa-backpack,649
,
vegan-leather-badge-id-holder,624
,
overture-case-with-detachable-magnetic-wallet,571
,
usb-c-multiport-adapter,540
,
ionglass-screen-protector,523
,
symbus-mini-7-in-1-portable-usb-c-hub,482
,
usb-c-to-displayport-cable-5-ft-1-5-m,481
,
vitros-slim-clear-case,429
,
ionbank-10k-portable-battery,421
,
qubit-usb-c-charger-20-w,418
,
ionslim-10k-usb-c-portable-battery,400
,
snapto-universal-car-mount-with-wireless-charging,370
,
integra-usb-c-charge-cable-6-6-ft-2-m,365
,
helios-laptop-backpack,350
,
clearguard-keyboard-protector,340
,
snapto-magnetic-car-mount-with-wireless-charging,317
,
dual-sided-badge-holder,313
,
overture-vegan-leather-wallet-case,312
