Page,Pageviews,Unique Pageviews,Avg. Time on Page,Entrances,Bounce Rate,% Exit,Page Value
/tw/product/altra-slim-hardshell-case-with-strap/midnight-blue-for-iphone-13-pro/,"4,329","3,406",0:00:27,220,44.55%,11.60%,$0.17
/tw/product/iglaze-xt-clear-case/clear-for-iphone-13-pro/?ref=device:618:iphone 13 pro,"3,091","2,532",0:01:39,354,68.35%,38.63%,$0.29
/en/product/digits-touchscreen-gloves/light-gray-s/,"2,768","2,289",0:01:35,"2,235",60.93%,59.50%,$1.91 
/tw/product/versacover-case-with-folding-cover/savanna-beige-for-ipad-pro-11-inch-1st-2nd-gen/,"2,259","1,709",0:01:26,"1,508",41.76%,42.94%,$0.00 
/tw/product/iglaze-slim-hardshell-case/slate-blue-for-iphone-13-pro/?ref=device:618:iphone 13 pro,"2,248","1,672",0:00:55,181,56.91%,18.59%,$0.28 
/tw/product/versacover-case-with-folding-cover/charcoal-black-for-ipad-pro-129-inch-5th-gen/,"2,244","1,785",0:00:49,116,58.47%,19.34%,$0.05 
/tw/product/arx-slim-hardshell-case/mirage-black-for-iphone-13-pro/?ref=device:618:iphone 13 pro,"2,223","1,876",0:01:14,224,63.39%,28.52%,$0.12 
/tw/product/versacover-case-with-folding-cover/charcoal-black-for-ipad-pro-12-9-inch-3rd-4th-gen/,"2,197","1,743",0:00:54,"1,539",38.54%,39.19%,$0.08 
/en/product/altra-slim-hardshell-case-with-strap/midnight-blue-for-iphone-13-pro/,"2,140","1,742",0:00:32,101,54.90%,18.46%,$0.88 
/en/product/versacover-case-with-folding-cover/metro-black-for-ipad-5th-6th-gen/,"2,073","1,734",0:00:50,"1,607",28.41%,32.27%,$0.85 
/tw/product/altra-slim-hardshell-case-with-strap/midnight-blue-for-iphone-13-pro/?ref=device:618:iphone 13 pro,"1,952","1,561",0:00:59,218,55.50%,26.08%,$0.26 
/tw/product/iglaze-slim-hardshell-case/astral-silver-for-iphone-13-pro/?ref=device:618:iphone 13 pro,"1,876","1,494",0:00:57,320,55.14%,27.19%,$0.24 
/tw/product/iglaze-slim-hardshell-case/adriatic-blue-for-iphone-13-pro?ref=device:618:iphone 13 pro,"1,761","1,050",0:00:14,11,8.33%,4.77%,$0.40 
/tw/product/iglaze-slim-hardshell-case/pearl-white-for-iphone-13-pro?ref=device:618:iphone 13 pro,"1,647",916,0:00:18,5,0.00%,5.34%,$0.40 
/en/product/muse-13-slim-fit-sleeve/caramel-brown-2021/,"1,616","1,346",0:01:31,"1,295",54.70%,55.45%,$0.77 
/tw/product/iglaze-slim-hardshell-case/pearl-white-for-iphone-13-pro/?ref=device:618:iphone 13 pro,"1,589","1,233",0:00:46,210,48.82%,24.80%,$0.22 
/tw/product/arx-clear-slim-hardshell-case/clear-for-iphone-13-pro/?ref=device:618:iphone 13 pro,"1,564","1,356",0:01:24,151,64.05%,29.41%,$0.27 
/tw/product/iglaze-slim-hardshell-case/astral-silver-for-iphone-13-pro?ref=device:618:iphone 13 pro,"1,561","1,031",0:00:27,6,33.33%,11.02%,$0.30 
/tw/product/progeo-usb-c-wall-charger-42-w/us-version/,"1,439","1,048",0:00:42,79,55.70%,12.79%,$0.17 
/tw/product/iglaze-slim-hardshell-case/slate-blue-for-iphone-13-pro?ref=device:618:iphone 13 pro,"1,397",810,0:00:18,6,0.00%,7.80%,$0.47 
/tw/product/versacover-case-with-folding-cover/charcoal-black-for-ipad-pro-11-inch-3rd-1st-gen/?model=189,"1,391","1,044",0:01:05,211,70.09%,28.11%,$0.16 
/en/product/muse-13-slim-fit-sleeve/caramel-brown-2021/?ref=category:36,"1,331","1,101",0:01:27,"1,067",53.05%,55.00%,$0.33 
/tw/product/versacover-case-with-folding-cover/sakura-pink-for-ipad-pro-air-10-5-inch/,"1,246",916,0:01:03,824,34.34%,40.21%,$0.32 
"/tw/product/versacover-case-with-folding-cover/savanna-beige-for-ipad-air-10-9-inch-4th-gen/?ref=device:594,598,584,597:ipad air (10.9-inch, 4th gen)","1,244","1,075",0:02:00,206,73.56%,50.64%,$0.23 
/en/product/versacover-case-with-folding-cover/charcoal-black-for-ipad-pro-129-inch-5th-gen/,"1,242","1,031",0:01:09,208,54.29%,31.32%,$1.81 
/en/product/versacover-case-with-folding-cover/metro-black-for-ipad-pro-11-inch/,"1,241","1,004",0:00:59,910,41.43%,43.03%,$0.62 
/tw/product/iglaze-slim-hardshell-case/adriatic-blue-for-iphone-13-pro/?ref=device:618:iphone 13 pro,"1,236",964,0:00:41,96,46.32%,17.72%,$0.19 
/en/product/iglaze-slim-hardshell-case/astral-silver-for-iphone-13/?ref=device:617:iphone 13,"1,235",987,0:01:10,900,30.63%,37.98%,$0.14 
/tw/product/iglaze-slim-hardshell-case/dahlia-pink-for-iphone-13-pro?ref=device:618:iphone 13 pro,"1,228",794,0:00:06,2,0.00%,3.99%,$0.22 
/tw/product/versacover-case-with-folding-cover/sienna-orange-for-ipad-air-10-9-inch-4th-gen/?model=180,"1,220",949,0:00:28,59,64.41%,15.74%,$0.07 
/en/product/arx-slim-hardshell-case/mirage-black-for-iphone-13-pro/?ref=device:618:iphone 13 pro,"1,213","1,000",0:02:02,246,71.43%,45.59%,$0.35 
/en/product/iglaze-slim-hardshell-case/astral-silver-for-iphone-13/,"1,198",901,0:00:51,879,24.46%,37.56%,$0.00 
/tw/product/altra-slim-hardshell-case-with-strap/sahara-beige-for-iphone-13-pro/?ref=device:618:iphone 13 pro,"1,173",933,0:01:06,132,50.76%,23.02%,$0.18 
/tw/product/arx-slim-hardshell-case/mirage-black-for-iphone-13-pro-max/?ref=device:619:iphone 13 pro max,"1,119",898,0:01:04,102,64.71%,30.29%,$0.42 
/tw/product/overture-case-with-detachable-magnetic-wallet/luna-pink-for-iphone-13-pro/?ref=device:618:iphone 13 pro,"1,098",865,0:00:57,105,62.26%,23.04%,$0.69 
/tw/product/arx-slim-hardshell-case/mirage-black-for-iphone-13/,"1,093",935,0:00:55,111,54.55%,21.87%,$0.06 
/tw/product/iglaze-xt-clear-case/clear-for-iphone-13-pro-max/?ref=device:619:iphone 13 pro max,"1,087",903,0:01:50,152,74.34%,40.57%,$0.32 
/tw/product/overture-case-with-detachable-magnetic-wallet/jet-black-for-iphone-13-pro/?ref=device:618:iphone 13 pro,"1,078",851,0:01:27,167,67.07%,29.04%,$0.49 
/tw/product/altra-slim-hardshell-case-with-strap/midnight-blue-for-iphone-13-pro-max/?ref=device:619:iphone 13 pro max,"1,075",843,0:01:18,185,55.38%,29.21%,$0.63 
/tw/product/iglaze-xt-clear-case/clear-for-iphone-13/?ref=device:617:iphone 13,"1,060",889,0:01:45,114,65.52%,40.19%,$0.25 
/en/product/ivisor-ag-anti-glare-screen-protector/black-clear-matte-for-ipad-5th-6th-gen/,967,817,0:00:58,764,24.16%,27.30%,$1.88 
"/tw/product/versacover-case-with-folding-cover/charcoal-black-for-ipad-pro-11-inch-3rd-1st-gen/?ref=device:610,611,612,613:ipad pro 11"" (3rd generation)",967,817,0:01:45,113,69.91%,41.16%,$0.17 
"/tw/product/versacover-case-with-folding-cover/savanna-beige-for-ipad-pro-11-inch-3rd-1st-gen/?ref=device:610,611,612,613:ipad pro 11"" (3rd generation)",960,813,0:02:09,137,71.22%,45.73%,$0.42 
/tw/product/airfoil-pro/black-clearglossy-for-iphone-13/?ref=device:618:iphone 13 pro,952,759,0:01:45,82,59.76%,33.09%,$0.80 
/en/product/ionslim-5k-usb-c-portable-battery/titanium-gray/,951,828,0:01:57,779,62.61%,61.09%,$3.96 
/en/product/iglaze-slim-hardshell-case/slate-blue-for-iphone-13-pro/?ref=device:618:iphone 13 pro,926,733,0:00:43,85,68.24%,25.38%,$1.15 
/en/product/altra-slim-hardshell-case-with-strap/midnight-blue-for-iphone-13-mini/?ref=device:620:iphone 13 mini,916,763,0:01:38,608,64.80%,57.64%,$0.00 
/en/product/iongo-5k-duo-portable-battery-with-built-in-lightning-and-usb-c-cables/fossil-gray/,903,720,0:01:25,638,54.84%,52.27%,$0.77 
/tw/product/iglaze-slim-hardshell-case/slate-blue-for-iphone-13-pro-max/?ref=device:619:iphone 13 pro max,901,663,0:00:40,51,54.90%,16.09%,$0.68 
"/tw/product/versacover-case-with-folding-cover/charcoal-black-for-ipad-air-10-9-inch-4th-gen/?ref=device:594,598,584,597:ipad air (10.9-inch, 4th gen)",837,727,0:02:01,102,61.54%,47.31%,$0.44 
/tw/product/iglaze-slim-hardshell-case/pearl-white-for-iphone-13-pro-max/,831,633,0:00:52,515,22.72%,28.28%,$0.00 
/tw/product/altra-slim-hardshell-case-with-strap/rose-pink-for-iphone-13-pro,829,594,0:00:12,4,0.00%,4.46%,$0.08 
/tw/product/altra-slim-hardshell-case-with-strap/rose-pink-for-iphone-13-pro/?ref=device:618:iphone 13 pro,820,653,0:00:58,83,62.65%,23.41%,$0.15 
/tw/product/iglaze-slim-hardshell-case/slate-blue-for-iphone-13/?ref=device:617:iphone 13,793,600,0:01:01,79,58.23%,23.20%,$0.15 
/tw/product/overture-case-with-detachable-magnetic-wallet/jet-black-for-iphone-13-pro-max/?ref=device:619:iphone 13 pro max,790,630,0:01:40,133,61.65%,32.41%,$0.87 
/en/product/arx-slim-hardshell-case/mirage-black-for-iphone-13/,780,645,0:00:48,51,52.94%,25.77%,$0.38 
/tw/product/altra-slim-hardshell-case-with-strap/sahara-beige-for-iphone-13-pro,779,559,0:00:24,0,0.00%,7.19%,$0.52 
/tw/product/otto-q-wireless-charging-pad/nordic-gray-epp?ref=category:46,767,690,0:01:24,8,250.00%,26.73%,$2.23 
/tw/product/versacover-case-with-folding-cover/charcoal-black-for-ipad-air-10-9-inch-4th-gen?model=180,764,451,0:00:25,6,33.33%,12.70%,$0.00 
/tw/product/pebbo-for-airpods-pro/mint-green/,759,590,0:01:04,490,46.83%,46.90%,$0.10 
/tw/product/3-in-1-universal-charging-cable/metro-black/,757,613,0:00:56,506,30.77%,30.91%,$0.38 
/tw/product/verana-tote-work-bag/slate-black/,757,672,0:00:33,43,47.73%,13.61%,$0.00 
/tw/product/versacover-case-with-folding-cover/savanna-beige-for-ipad-air-10-9-inch-4th-gen?model=180,757,513,0:00:43,8,11.11%,21.53%,$0.13 
/en/product/overture-case-with-detachable-magnetic-wallet/jet-black-for-iphone-13-pro/?ref=device:618:iphone 13 pro,751,622,0:00:58,85,58.14%,39.15%,$1.44 
/tw/product/iglaze-slim-hardshell-case/astral-silver-for-iphone-13-pro-max/?ref=device:619:iphone 13 pro max,750,596,0:00:54,131,56.82%,26.93%,$0.17 
/tw/product/iglaze-slim-hardshell-case/astral-silver-for-iphone-13-pro-max?ref=device:619:iphone 13 pro max,742,421,0:00:25,3,33.33%,7.14%,$0.57 
/tw/product/versacover-case-with-folding-cover/metro-black-for-ipad-5th-6th-gen/,741,619,0:00:50,553,32.68%,35.36%,$0.00 
/tw/product/iglaze-xt-clear-case/clear-for-iphone-13-mini/?ref=device:620:iphone 13 mini,735,601,0:01:57,103,66.99%,42.86%,$0.21 
/tw/product/overture-case-with-detachable-magnetic-wallet/luna-pink-for-iphone-13-pro-max/?ref=device:619:iphone 13 pro max,722,548,0:01:20,75,65.38%,24.52%,$1.40 
/en/product/iglaze-slim-hardshell-case/slate-blue-for-iphone-13-pro-max/,720,663,0:00:42,647,78.52%,77.92%,$0.00 
/en/product/iglaze-xt-clear-case/clear-for-iphone-13-pro/?ref=device:618:iphone 13 pro,697,596,0:01:20,114,84.07%,45.34%,$0.89 
/en/product/altra-slim-hardshell-case-with-strap/midnight-blue-for-iphone-13-pro/?ref=device:618:iphone 13 pro,695,557,0:01:22,91,60.87%,29.64%,$1.62 
/tw/product/arx-slim-hardshell-case/mirage-black-for-iphone-13/?ref=device:617:iphone 13,694,574,0:02:12,102,69.61%,35.73%,$0.00 
/tw/product/altra-slim-hardshell-case-with-strap/rose-pink-for-iphone-13-pro?ref=device:618:iphone 13 pro,693,431,0:00:22,6,16.67%,8.37%,$0.36 
/tw/product/iglaze-slim-hardshell-case/pearl-white-for-iphone-13?ref=device:617:iphone 13,693,389,0:00:16,3,0.00%,8.37%,$0.00 
/tw/product/iglaze-slim-hardshell-case/adriatic-blue-for-iphone-13-pro-max?ref=device:619:iphone 13 pro max,689,397,0:00:16,5,20.00%,6.24%,$0.61 
/tw/product/iglaze-slim-hardshell-case/pearl-white-for-iphone-13/?ref=device:617:iphone 13,682,541,0:00:52,103,53.85%,25.22%,$0.33 
/tw/product/iglaze-slim-hardshell-case/astral-silver-for-iphone-13?ref=device:617:iphone 13,681,412,0:00:14,7,42.86%,8.08%,$0.33 
/tw/product/iongo-5k-duo-portable-battery-with-built-in-lightning-and-usb-c-cables/fossil-gray?ref=category:33,681,525,0:00:55,5,166.67%,19.38%,$2.81 
/en/product/overture-case-with-detachable-magnetic-wallet/jet-black-for-iphone-13-pro-max/?ref=device:619:iphone 13 pro max,680,536,0:01:42,101,59.41%,40.15%,$2.29 
/en/product/omniguard-mask-with-3-replaceable-nanohedron-filters/ocean-black-l/,679,542,0:02:02,518,60.50%,57.73%,$4.54 
/tw/product/muto-three-way-convertible-backpack/coastal-beige/?ref=category:10,679,560,0:00:33,43,58.14%,13.99%,$0.00 
/tw/product/arx-clear-slim-hardshell-case/clear-for-iphone-13-pro-max/?ref=device:619:iphone 13 pro max,675,572,0:01:27,60,68.33%,33.33%,$0.24 
/en/product/snapto-magnetic-wireless-charger-with-built-in-wall-mount-kit/gray/,667,585,0:02:03,515,76.55%,69.87%,$0.09 
/tw/product/iglaze-slim-hardshell-case/astral-silver-for-iphone-13/?ref=device:617:iphone 13,662,534,0:00:49,76,59.21%,24.17%,$0.17 
/tw/product/overture-case-with-detachable-magnetic-wallet/luna-pink-for-iphone-13/?ref=device:617:iphone 13,660,513,0:01:12,92,57.45%,30.91%,$0.62 
/tw/product/sette-q-dual-wireless-charging-pad-with-adapter/nordic-gray?ref=category:46,658,578,0:01:55,4,0.00%,25.38%,$1.10 
/tw/product/hexa-backpack/midnight-black/,649,577,0:00:46,50,63.27%,22.34%,$0.06 
/tw/product/altra-slim-hardshell-case-with-strap/sahara-beige-for-iphone-13-pro?ref=device:618:iphone 13 pro,642,416,0:00:21,3,33.33%,11.06%,$0.27 
/en/product/overture-case-with-detachable-magnetic-wallet/luna-pink-for-iphone-13-pro/?ref=device:618:iphone 13 pro,614,469,0:01:32,71,53.52%,27.04%,$1.19 
/tw/product/iglaze-slim-hardshell-case/slate-blue-for-iphone-13-pro-max?ref=device:619:iphone 13 pro max,613,340,0:00:15,4,25.00%,5.38%,$0.71 
/tw/product/altra-slim-hardshell-case-with-strap/sahara-beige-for-iphone-13-pro-max/?ref=device:619:iphone 13 pro max,602,495,0:01:06,84,66.67%,29.90%,$0.65 
/tw/product/integra-usb-a-to-lightning-charge-sync-cable-4-ft-1-2-m/titanium-gray?ref=category:22,600,422,0:00:54,3,0.00%,14.00%,$1.75 
/en/product/versacover-case-with-folding-cover/charcoal-black-for-ipad-pro-11-inch-3rd-1st-gen/?model=189,594,469,0:01:01,69,75.36%,26.77%,$1.01 
/tw/product/iglaze-slim-hardshell-case/slate-blue-for-iphone-13?ref=device:617:iphone 13,590,339,0:00:14,2,0.00%,7.12%,$0.28 
/en/product/iglaze-slim-hardshell-case/astral-silver-for-iphone-13-pro/?ref=device:618:iphone 13 pro,586,462,0:01:23,91,61.54%,33.11%,$0.84 
/tw/product/altra-slim-hardshell-case-with-strap/rose-pink-for-iphone-13-pro-max/?ref=device:619:iphone 13 pro max,575,426,0:01:12,67,41.79%,23.65%,$0.51 
/tw/product/lounge-q-wireless-charging-stand/nordic-gray?ref=category:46,575,516,0:01:31,2,0.00%,27.48%,$1.60 
/en/product/overture-case-with-detachable-magnetic-wallet/jet-black-for-iphone-12-pro-max-snapto/,571,448,0:01:02,360,46.54%,46.41%,$1.29 
/tw/product/iglaze-slim-hardshell-case/dahlia-pink-for-iphone-13-pro-max?ref=device:619:iphone 13 pro max,566,341,0:00:04,2,0.00%,3.18%,$0.41 
/tw/product/altra-slim-hardshell-case-with-strap/midnight-blue-for-iphone-13/?ref=device:617:iphone 13,562,455,0:01:08,65,72.31%,27.58%,$0.31 
/tw/product/altra-slim-hardshell-case-with-strap/midnight-blue-for-iphone-13-pro?ref=device:618:iphone 13 pro,561,377,0:00:38,4,0.00%,10.52%,$0.56 
/tw/product/iglaze-slim-hardshell-case/pearl-white-for-iphone-13-pro-max?ref=device:619:iphone 13 pro max,560,322,0:00:25,2,0.00%,6.96%,$0.87 
/tw/product/altra-slim-hardshell-case-with-strap/midnight-blue-for-iphone-13-mini/?ref=device:620:iphone 13 mini,558,458,0:01:16,50,49.02%,25.09%,$0.25 
/tw/product/iglaze-slim-hardshell-case/slate-blue-for-iphone-13-mini/?ref=device:620:iphone 13 mini,557,467,0:01:12,29,63.33%,26.21%,$0.00 
/en/product/otto-q-wireless-charging-pad/nordic-gray/,556,479,0:01:50,454,51.75%,50.36%,$0.53 
/en/product/muse-13-slim-fit-sleeve/jet-black,548,414,0:00:45,8,20.00%,23.18%,$1.77 
/tw/product/iglaze-slim-hardshell-case/dahlia-pink-for-iphone-13?ref=device:617:iphone 13,546,365,0:00:22,2,0.00%,5.86%,$0.14 
/tw/product/usb-c-multiport-adapter/silver/,540,428,0:01:30,344,33.53%,38.70%,$0.00 
/en/product/altra-slim-hardshell-case-with-strap/sahara-beige-for-iphone-13-pro-max/?ref=device:619:iphone 13 pro max,539,434,0:01:10,280,31.90%,34.69%,$0.58 
/tw/product/iongo-5k-duo-portable-battery-with-built-in-lightning-and-usb-c-cables/fossil-gray/,539,450,0:01:36,348,64.66%,54.17%,$0.00 
/tw/product/versacover-case-with-folding-cover/metro-black-for-ipad-pro-11-inch/,538,405,0:01:00,307,30.10%,32.71%,$0.25 
/tw/product/iglaze-slim-hardshell-case/adriatic-blue-for-iphone-13?ref=device:617:iphone 13,536,324,0:00:18,2,0.00%,3.92%,$0.29 
/tw/product/iglaze-slim-hardshell-case/adriatic-blue-for-iphone-13-pro-max/?ref=device:619:iphone 13 pro max,526,421,0:00:54,46,60.87%,20.34%,$0.36 
/tw/product/ionglass-screen-protector/black-clear-glossy-for-iphone-8-plus-7-plus/,523,421,0:00:46,348,26.86%,30.59%,$0.08 
/tw/product/iongo-5k-portable-battery-with-built-in-lightning-and-usb-a-cables/azure-blue?ref=category:33,522,371,0:00:39,4,0.00%,15.33%,$3.61 
/tw/product/iglaze-slim-hardshell-case/pearl-white-for-iphone-13-pro-max/?ref=device:619:iphone 13 pro max,521,412,0:00:55,72,52.78%,23.22%,$0.10 
/en/product/digits-touchscreen-gloves/light-gray-m,516,339,0:00:41,10,10.00%,18.99%,$6.87 
/en/product/iglaze-slim-hardshell-case/pearl-white-for-iphone-12-mini-snapto/,514,413,0:01:12,402,46.90%,50.78%,$0.52 
/en/product/arx-slim-hardshell-case/mirage-black-for-iphone-13-pro-max/?ref=device:619:iphone 13 pro max,510,453,0:01:15,38,76.32%,38.82%,$0.97 
/tw/product/versacover-case-with-folding-cover/savanna-beige-for-ipad-pro-11-inch-3rd-1st-gen?model=189,504,338,0:00:48,3,0.00%,19.05%,$0.20 
/tw/product/iongo-5k-portable-battery-with-built-in-lightning-and-usb-a-cables/ivory-white?ref=category:33,494,375,0:00:51,2,0.00%,17.61%,$1.85 
/tw/product/altra-slim-hardshell-case-with-strap/rose-pink-for-iphone-13/?ref=device:617:iphone 13,492,391,0:01:32,57,48.28%,23.98%,$0.64 
/tw/product/porto-q-5k-portable-battery-with-built-in-wireless-charger/nordic-gray-epp?ref=category:46,492,439,0:01:20,3,200.00%,22.56%,$1.82 
/en/product/iglaze-slim-hardshell-case/astral-silver-for-iphone-13-pro?ref=device:618:iphone 13 pro,489,330,0:00:16,5,0.00%,13.09%,$0.42 
/tw/product/symbus-mini-7-in-1-portable-usb-c-hub/titanium-gray/,482,415,0:02:45,332,64.86%,58.92%,$0.00 
/en/product/muse-13-slim-fit-sleeve/jet-black?ref=category:36,481,374,0:00:55,8,33.33%,25.16%,$2.12 
/en/product/usb-c-to-displayport-cable-5-ft-1-5-m/white/,481,414,0:02:49,395,78.28%,74.01%,$0.00 
/tw/product/altra-slim-hardshell-case-with-strap/rose-pink-for-iphone-13-pro-max/?model=199,478,381,0:00:17,13,84.62%,11.09%,$0.14 
/tw/product/iglaze-slim-hardshell-case/slate-blue-for-iphone-12-12-pro-snapto/?ref=device:592:iphone 12 pro,476,396,0:00:42,21,76.19%,26.47%,$0.31 
/en/product/iglaze-slim-hardshell-case/adriatic-blue-for-iphone-13-pro?ref=device:618:iphone 13 pro,475,299,0:00:11,3,33.33%,5.68%,$0.62 
/tw/product/lounge-q-wireless-charging-stand/nordic-gray/?ref=category:46,469,417,0:02:24,319,83.07%,69.30%,$0.00 
/tw/product/iglaze-slim-hardshell-case/dahlia-pink-for-iphone-13-pro/?ref=device:618:iphone 13 pro,467,386,0:00:39,48,45.83%,22.70%,$0.00 
/tw/product/porto-q-5k-portable-battery-with-built-in-wireless-charger/nordic-gray-epp/,466,402,0:02:40,343,74.19%,68.88%,$0.25 
/en/product/arx-clear-slim-hardshell-case/clear-for-iphone-13-pro/?ref=device:618:iphone 13 pro,464,404,0:01:01,28,67.86%,37.07%,$0.15 
/tw/product/integra-usb-a-to-lightning-charge-sync-cable-4-ft-1-2-m/jet-silver?ref=category:22,463,298,0:00:29,0,0.00%,8.21%,$1.36 
/en/product/altra-slim-hardshell-case-with-strap/sahara-beige-for-iphone-12-pro-max-snapto/,462,372,0:01:14,335,37.80%,41.77%,$0.18 
/tw/product/versacover-case-with-folding-cover/charcoal-black-for-ipad-pro-11-inch-3rd-1st-gen?ref=category:58,462,392,0:01:00,3,50.00%,23.38%,$0.31 
/tw/product/versacover-case-with-folding-cover/savanna-beige-for-ipad-pro-11-inch-1st-2nd-gen,461,276,0:00:25,0,0.00%,11.71%,$0.00 
/tw/product/pebbo-for-airpods-pro/savanna-beige,457,311,0:00:44,2,50.00%,20.57%,$2.30 
/en/product/iglaze-slim-hardshell-case/slate-blue-for-iphone-13-pro?ref=device:618:iphone 13 pro,451,288,0:00:26,2,0.00%,13.08%,$1.47 
/en/product/iglaze-slim-hardshell-case/slate-blue-for-iphone-13-pro-max/?ref=device:619:iphone 13 pro max,450,360,0:00:45,42,80.95%,23.33%,$1.76 
/tw/product/overture-case-with-detachable-magnetic-wallet/jet-black-for-iphone-13/?ref=device:617:iphone 13,444,343,0:01:07,69,65.22%,30.18%,$0.31 
/tw/product/altra-slim-hardshell-case-with-strap/sahara-beige-for-iphone-13/?ref=device:617:iphone 13,442,357,0:00:45,40,70.00%,21.49%,$0.21 
/tw/product/versacover-case-with-folding-cover/charcoal-black-for-ipad-air-10-9-inch-4th-gen?ref=category:58,442,312,0:01:05,3,50.00%,19.00%,$1.11 
/tw/product/progeo-usb-c-wall-charger-42-w/us-version?ref=category:44,441,325,0:01:00,1,0.00%,19.05%,$0.67 
/en/product/iglaze-slim-hardshell-case/adriatic-blue-for-iphone-13-pro/?ref=device:618:iphone 13 pro,436,361,0:00:51,51,66.67%,29.82%,$0.45 
/en/product/muse-13-slim-fit-sleeve/seashell-white,434,324,0:00:40,8,14.29%,15.44%,$2.14 
/tw/product/vitros-slim-clear-case/crystal-clear-for-iphone-11-pro/,429,313,0:01:03,265,33.58%,38.69%,$0.14 
"/tw/product/versacover-case-with-folding-cover/sienna-orange-for-ipad-pro-11-inch-3rd-1st-gen/?ref=device:610,611,612,613:ipad pro 11"" (3rd generation)",426,351,0:01:31,53,62.26%,37.56%,$0.19 
/en/product/iglaze-slim-hardshell-case/pearl-white-for-iphone-13-pro?ref=device:618:iphone 13 pro,424,267,0:00:13,1,0.00%,5.19%,$0.86 
/tw/product/versacover-case-with-folding-cover/charcoal-black-for-ipad-pro-11-inch-1st-2nd-gen/?model=183,424,314,0:00:29,26,66.67%,14.15%,$0.20 
/en/product/altra-slim-hardshell-case-with-strap/midnight-blue-for-iphone-13-pro-max/?ref=device:619:iphone 13 pro max,421,327,0:01:14,48,64.58%,32.54%,$0.81 
/tw/product/ionbank-10k-portable-battery/gunmetal-gray?ref=category:33,421,349,0:00:38,2,0.00%,13.06%,$0.45 
/tw/product/ivisor-ag-anti-glare-screen-protector/black-clear-matte-for-iphone-13/?ref=device:618:iphone 13 pro,421,337,0:01:44,22,59.09%,26.37%,$0.18 
"/tw/product/iglaze-hardshell-case/stealth-clear-for-macbook-air-retina-13-inch-2020/?ref=device:602:macbook air (m1 2020)",420,354,0:01:31,53,83.02%,34.76%,$1.27
/tw/product/qubit-usb-c-charger-20-w/white?ref=category:44,418,367,0:00:57,3,0.00%,20.10%,$1.33 
/tw/product/iongo-5k-duo-portable-battery-with-built-in-lightning-and-usb-c-cables/pink?ref=category:33,416,320,0:01:06,0,0.00%,17.31%,$4.34 
/tw/product/versacover-case-with-folding-cover/charcoal-black-for-ipad-pro-11-inch-1st-2nd-gen,414,270,0:00:23,2,0.00%,11.35%,$0.00 
/en/product/iglaze-slim-hardshell-case/astral-silver-for-iphone-13-pro?model=198,410,277,0:00:43,1,100.00%,23.90%,$0.14 
/en/product/iglaze-hardshell-case/satin-gold-for-macbook-pro-13r/,409,314,0:00:31,286,26.92%,33.74%,$1.21 
"/tw/product/versacover-case-with-folding-cover/charcoal-black-for-ipad-pro-129-inch-5th-gen/?ref=device:605,607,606,608,609:ipad pro 12.9"" (5th generation)",408,344,0:02:02,51,62.75%,46.57%,$0.00 
/tw/product/muse-13-slim-fit-sleeve/seashell-white?ref=category:36,405,329,0:00:56,3,50.00%,20.49%,$0.83 
/en/product/airfoil-pro/black-clearglossy-for-iphone-13-pro-max/?ref=device:619:iphone 13 pro max,403,309,0:01:59,53,62.26%,43.67%,$3.22 
/tw/product/altra-slim-hardshell-case-with-strap/sahara-beige-for-iphone-13-pro-max?ref=device:619:iphone 13 pro max,401,234,0:00:21,4,0.00%,9.23%,$0.90 
/tw/product/ionslim-10k-usb-c-portable-battery/titanium-gray/,400,334,0:01:23,259,45.38%,43.25%,$0.00 
/tw/product/versacover-case-with-folding-cover/savanna-beige-for-ipad-air-10-9-inch-4th-gen?ref=category:58,400,310,0:01:09,2,0.00%,19.75%,$0.88 
/en/product/altra-slim-hardshell-case-with-strap/sahara-beige-for-iphone-13-pro-max/,397,294,0:01:14,278,26.69%,41.31%,$0.54 
/tw/product/versacover-case-with-folding-cover/sienna-orange-for-ipad-pro-11-inch-3rd-1st-gen?model=189,397,267,0:00:24,3,0.00%,8.82%,$0.00 
/tw/product/arx-clear-slim-hardshell-case/clear-for-iphone-13/,396,328,0:00:42,18,27.78%,14.65%,$0.00 
/en/product/iglaze-xt-clear-case/clear-for-iphone-13-pro-max/?ref=device:619:iphone 13 pro max,392,325,0:01:31,84,77.38%,43.88%,$1.18 
/tw/product/muse-13-slim-fit-sleeve/caramel-brown-2021/,387,318,0:01:11,250,41.83%,42.64%,$0.51 
/tw/product/helios-lite-slim-laptop-backpack/titanium-gray?ref=category:10,386,245,0:00:42,2,0.00%,11.14%,$0.00 
/en/product/iglaze-slim-hardshell-case/pearl-white-for-iphone-13-pro/?ref=device:618:iphone 13 pro,382,302,0:01:05,38,65.79%,24.35%,$0.26 
/tw/product/helios-lite-slim-laptop-backpack/herringbone-gray?ref=category:10,382,237,0:00:25,2,0.00%,4.19%,$0.00 
/tw/product/altra-slim-hardshell-case-with-strap/midnight-blue-for-iphone-13-pro,378,282,0:00:33,3,66.67%,10.85%,$0.00 
/en/product/digits-touchscreen-gloves/dark-gray-l,376,288,0:00:35,5,20.00%,22.07%,$8.13 
/en/product/iglaze-hardshell-case/stealth-clear-for-macbook-air-retina-13-inch-2020/,373,307,0:01:04,271,47.60%,47.45%,$0.38 
/en/product/versacover-case-with-folding-cover/charcoal-black-for-ipad-air-10-9-inch-4th-gen/,373,289,0:01:40,257,56.20%,49.33%,$2.85 
/en/product/versacover-case-with-folding-cover/sienna-orange-for-ipad-pro-11-inch-1st-2nd-gen/,372,285,0:00:57,247,36.44%,39.78%,$2.03 
/tw/product/iglaze-slim-hardshell-case/dahlia-pink-for-iphone-13/?ref=device:617:iphone 13,372,300,0:00:40,26,48.15%,20.43%,$0.00 
/en/product/iglaze-slim-hardshell-case/dahlia-pink-for-iphone-13-pro?ref=device:618:iphone 13 pro,370,242,0:00:09,3,0.00%,5.41%,$0.39 
/en/product/iglaze-slim-hardshell-case/pearl-white-for-iphone-13?ref=device:617:iphone 13,370,264,0:00:15,1,0.00%,7.30%,$0.15 
/tw/product/snapto-universal-car-mount-with-wireless-charging/black?ref=category:12,370,327,0:01:30,3,0.00%,25.41%,$0.11 
/en/product/airfoil-pro/black-clearglossy-for-iphone-13/?ref=device:618:iphone 13 pro,369,319,0:01:07,42,66.67%,39.84%,$2.06 
/en/product/iglaze-slim-hardshell-case/adriatic-blue-for-iphone-13?ref=device:617:iphone 13,368,278,0:00:14,2,0.00%,8.15%,$0.14 
/tw/product/integra-usb-a-to-lightning-charge-sync-cable-4-ft-1-2-m/golden-rose?ref=category:22,368,259,0:00:29,3,0.00%,9.78%,$1.15 
/tw/product/versacover-case-with-folding-cover/sienna-orange-for-ipad-pro-11-inch-1st-2nd-gen,368,257,0:00:30,5,50.00%,11.41%,$1.47 
/en/product/iglaze-slim-hardshell-case/astral-silver-for-iphone-13?ref=device:617:iphone 13,367,249,0:00:17,1,0.00%,14.71%,$0.00 
/tw/product/integra-usb-c-charge-cable-6-6-ft-2-m/titanium-gray?ref=category:43,365,318,0:00:43,2,200.00%,20.00%,$1.06 
/tw/product/versacover-case-with-folding-cover/savanna-beige-for-ipad-pro-11-inch-3rd-1st-gen?ref=category:58,365,306,0:01:21,3,50.00%,26.58%,$0.42 
/en/product/altra-slim-hardshell-case-with-strap/rose-pink-for-iphone-13-pro-max/?model=199,361,279,0:00:35,18,66.67%,14.96%,$0.75 
/tw/product/iglaze-slim-hardshell-case/blush-pink-for-iphone-8-7/,359,276,0:00:19,241,13.17%,18.94%,$0.15 
/tw/product/helios-lite-slim-laptop-backpack/slate-black?ref=category:10,358,239,0:00:35,0,0.00%,8.94%,$0.00 
/en/product/overture-case-with-detachable-magnetic-wallet/luna-pink-for-iphone-13-pro-max/?ref=device:619:iphone 13 pro max,356,281,0:01:15,25,60.00%,23.03%,$2.80 
/tw/product/muse-13-slim-fit-sleeve/caramel-brown-2021?ref=category:36,356,275,0:00:52,2,0.00%,16.01%,$0.99 
/en/product/iglaze-slim-hardshell-case/slate-blue-for-iphone-13?ref=device:617:iphone 13,351,242,0:00:13,0,0.00%,12.54%,$0.86 
/en/product/versacover-case-with-folding-cover/sienna-orange-for-ipad-air-10-9-inch-4th-gen/?model=180,351,296,0:00:38,25,36.00%,21.08%,$0.67 
/tw/product/airfoil-pro/black-clearglossy-for-iphone-13-pro-max/?ref=device:619:iphone 13 pro max,351,296,0:01:32,29,75.86%,35.90%,$0.67 
/tw/product/sette-q-dual-wireless-charging-pad-with-adapter/nordic-gray/?ref=category:46,351,303,0:02:30,209,75.60%,62.68%,$0.35 
/tw/product/helios-laptop-backpack/charcoal-black/,350,288,0:00:50,238,34.87%,36.57%,$0.00 
"/tw/product/versacover-case-with-folding-cover/sienna-orange-for-ipad-air-10-9-inch-4th-gen/?ref=device:594,598,584,597:ipad air (10.9-inch, 4th gen)",350,297,0:01:29,52,73.08%,46.29%,$0.23 
/en/product/muse-13-slim-fit-sleeve/caramel-brown-2021,345,240,0:00:40,5,33.33%,17.39%,$3.35 
/tw/product/helios-mini-backpack/olive-green?ref=category:10,345,243,0:00:43,2,0.00%,13.62%,$0.00 
/en/product/altra-slim-hardshell-case-with-strap/rose-pink-for-iphone-13-pro,344,265,0:00:24,2,0.00%,11.92%,$0.00 
/tw/product/arx-slim-hardshell-case/mirage-black-for-iphone-13-mini/?ref=device:620:iphone 13 mini,344,296,0:00:53,9,77.78%,23.55%,$0.00 
/en/product/muse-13-slim-fit-sleeve/seashell-white?ref=category:36,343,260,0:00:33,8,14.29%,14.58%,$3.22 
/en/product/versacover-case-with-folding-cover/charcoal-black-for-ipad-pro-129-inch-5th-gen/?model=191,343,269,0:01:35,40,77.50%,38.78%,$3.42 
/en/product/clearguard-keyboard-protector/us-layout-for-macbook-pro-17-inch/,340,282,0:00:50,250,30.28%,32.94%,$1.38 
/en/product/muto-three-way-convertible-backpack/coastal-beige/,340,271,0:01:26,206,58.25%,45.00%,$1.92 
/en/product/iglaze-slim-hardshell-case/astral-silver-for-iphone-13,337,204,0:00:24,0,0.00%,15.13%,$0.00 
/en/product/muto-three-way-convertible-backpack/slate-gray/,336,281,0:02:05,244,58.54%,54.46%,$0.00 
/en/product/versacover-case-with-folding-cover/charcoal-black-for-ipad-pro-12-9-inch-3rd-4th-gen/,336,257,0:01:31,215,41.86%,41.67%,$2.12 
/tw/product/altra-slim-hardshell-case-with-strap/midnight-blue-for-iphone-13-pro-max?ref=device:619:iphone 13 pro max,335,218,0:00:24,4,100.00%,13.13%,$0.96 
/en/product/iglaze-slim-hardshell-case/adriatic-blue-for-iphone-13,334,242,0:00:08,3,0.00%,6.59%,$0.00 
/tw/product/muse-13-slim-fit-sleeve/jet-black?ref=category:36,333,281,0:00:46,1,0.00%,19.22%,$0.48 
/en/product/muse-13-slim-fit-sleeve/caramel-brown-2021?ref=category:36,332,220,0:00:57,3,100.00%,16.57%,$1.94 
/tw/product/helios-lite-slim-laptop-backpack/sky-blue?ref=category:10,331,207,0:00:26,1,0.00%,6.34%,$0.00 
/tw/product/versacover-case-with-folding-cover/charcoal-black-for-ipad-pro-129-inch-5th-gen/?model=191,330,254,0:01:18,39,69.23%,35.76%,$0.00 
/en/product/iglaze-slim-hardshell-case/dahlia-pink-for-iphone-13?ref=device:617:iphone 13,329,252,0:00:10,1,0.00%,8.81%,$0.00 
/en/product/lounge-q-wireless-charging-stand/nordic-gray/,328,276,0:02:01,249,58.63%,55.18%,$0.87 
/en/product/altra-slim-hardshell-case-with-strap/sahara-beige-for-iphone-13-pro/?ref=device:618:iphone 13 pro,327,266,0:00:57,23,52.17%,21.71%,$1.08 
/en/product/arx-clear-slim-hardshell-case/clear-for-iphone-13-pro-max/?ref=device:619:iphone 13 pro max,326,276,0:01:23,33,72.73%,39.57%,$0.87 
/en/product/iglaze-slim-hardshell-case/pearl-white-for-iphone-13-pro-max/?model=199,325,255,0:00:39,19,57.89%,18.15%,$0.00 
"/tw/product/versacover-case-with-folding-cover/charcoal-black-for-ipad-air-10-9-inch-4th-gen?ref=device:594,598,584,597:ipad air (10.9-inch, 4th gen)",325,212,0:00:33,8,12.50%,15.08%,$0.32 
/en/product/iglaze-slim-hardshell-case/slate-blue-for-iphone-13-pro/?model=198,324,245,0:00:21,30,54.84%,13.58%,$0.00 
/tw/product/arx-clear-slim-hardshell-case/clear-for-iphone-13-mini/?ref=device:620:iphone 13 mini,322,252,0:01:13,52,42.31%,31.37%,$0.17 
/tw/product/arx-clear-slim-hardshell-case/clear-for-iphone-13/?ref=device:617:iphone 13,319,278,0:01:07,10,70.00%,19.75%,$0.57 
/tw/product/helios-mini-backpack/jet-black?ref=category:10,319,241,0:00:39,2,50.00%,13.79%,$0.00 
/tw/product/overture-case-with-detachable-magnetic-wallet/jet-black-for-iphone-13-mini/?ref=device:620:iphone 13 mini,319,273,0:01:36,35,52.78%,22.57%,$0.00 
/en/product/altra-slim-hardshell-case-with-strap/sahara-beige-for-iphone-13-pro,318,241,0:00:22,2,50.00%,8.49%,$0.21 
/en/product/snapto-magnetic-car-mount-with-wireless-charging/black/,317,283,0:01:16,252,69.05%,65.62%,$0.32 
/en/product/iglaze-slim-hardshell-case/pearl-white-for-iphone-13,316,209,0:00:15,0,0.00%,7.28%,$0.00 
/tw/product/versacover-case-with-folding-cover/metro-black-for-ipad-mini-5th-gen/,316,261,0:00:47,237,43.88%,48.73%,$0.00 
/en/product/ivisor-ag-anti-glare-screen-protector/black-clear-matte-for-iphone-13/?ref=device:618:iphone 13 pro,314,257,0:01:26,27,65.52%,36.31%,$3.88 
/tw/product/vegan-leather-badge-id-holder/onyx-black/,314,232,0:01:14,186,33.87%,37.58%,$0.00 
/tw/product/dual-sided-badge-holder/jet-black/,313,246,0:02:27,209,67.94%,60.06%,$0.00 
/en/product/overture-vegan-leather-wallet-case/charcoal-black-for-iphone-xr/,312,252,0:00:37,218,31.05%,34.29%,$0.85 
/tw/product/overture-case-with-detachable-magnetic-wallet/luna-pink-for-iphone-13-pro?ref=device:618:iphone 13 pro,310,196,0:00:32,4,50.00%,7.42%,$0.53 
/tw/product/vegan-leather-badge-id-holder/metro-black?ref=category:8,310,150,0:00:33,1,0.00%,5.81%,$0.00 
"/en/product/versacover-case-with-folding-cover/charcoal-black-for-ipad-pro-129-inch-5th-gen/?ref=device:605,607,606,608,609:ipad pro 12.9"" (5th generation)",306,257,0:01:38,34,69.44%,42.81%,$4.27 
/en/product/iglaze-hardshell-case/stealth-black-for-macbook-air-retina-13-inch-2020/,304,234,0:00:46,215,54.17%,51.97%,$0.96 
/en/product/progeo-usb-c-wall-charger-42-w/us-version/,304,238,0:00:37,34,55.88%,20.07%,$4.48 
/tw/product/altra-slim-hardshell-case-with-strap/midnight-blue-for-iphone-12-12-pro-snapto/?ref=device:592:iphone 12 pro,304,251,0:01:11,26,61.54%,28.95%,$0.20 
/tw/product/altra-slim-hardshell-case-with-strap/rose-pink-for-iphone-13-pro-max?ref=device:619:iphone 13 pro max,304,201,0:00:26,1,0.00%,7.24%,$0.51 
/tw/product/iglaze-slim-hardshell-case/slate-blue-for-iphone-12-12-pro-snapto/?ref=device:589:iphone 12,304,240,0:00:27,19,63.16%,21.38%,$0.00 
/tw/product/overture-case-with-detachable-magnetic-wallet/jet-black-for-iphone-13-pro?ref=device:618:iphone 13 pro,303,202,0:00:39,3,33.33%,12.87%,$1.29 
/en/product/altra-slim-hardshell-case-with-strap/midnight-blue-for-iphone-12-12-pro-snapto/,302,242,0:01:18,209,46.41%,47.68%,$0.19 
/en/product/muto-three-way-convertible-backpack/coastal-beige/?ref=category:10,302,262,0:00:41,28,57.14%,16.23%,$2.18 
/en/product/arx-clear-slim-hardshell-case/clear-for-iphone-13/,300,266,0:01:00,13,46.15%,19.33%,$0.31