"VersaCover for iPad Air (10.9-inch, 4th gen)/iPad Pro (11-inch) - Charcoal Black",99MO056083,平板殼
Integra™ Lightning to USB-A Charge/Sync Cable (1.2M) - Titanium Gray,99MO023044,線材
"VersaCover for iPad Air (10.9-inch, 4th gen)/iPad Pro (11-inch) - Savanna Beige",99MO056263,平板殼
"VersaCover for iPad Air (10.9-inch, 4th gen)/iPad Pro (11-inch) - Sienna Orange",99MO056812,平板殼
Integra™ Lightning to USB-A Charge/Sync Cable (1.2M) - Jet Silver,99MO023104,線材
VersaCover for iPad Pro 11‑inch (1st/2nd Gen) - Charcoal Black,99MO056082,平板殼
Integra™ Lightning to USB-A Charge/Sync Cable (1.2M) - Golden Rose,99MO023253,線材
Integra USB-C charge/sync cable with Lightning connector 1.2M - Gray,99MO084041,線材
Integra™ USB-C to USB-C Charge/Sync Cable - Titanium Gray,99MO084212,線材
"VersaCover for iPad Pro (11-inch, 3rd-1st gen)  - Savanna Beige",99MO056264,平板殼
Integra USB-C charge/sync cable with Lightning connector 1.2M - Silver,99MO084105,線材
Pebbo for AirPods Pro - Beige,99MO123162,耳機套
USB Cable with Lightning Connector (3M) - Black,99MO023046,線材
Lightning to USB Cable with 90-degree connector Black - Black,99MO023043,線材
Otto Q (EPP) - Nordic Gray,99MO022219,無線充電盤
3-in-1 Universal Charging cable - Black,99MO023047,線材
Qubit USB-C Charger (18 W),99MO022171,充電器
Integra™ Lightning to USB-A Charge/Sync Cable (0.25M) - Titanium Gray,99MO023045,線材
Integra™ Lightning to USB-A Charge/Sync Cable (1.2M) - Crimson Red,99MO023321,線材
Pebbo for AirPods Pro - Green,99MO123842,耳機套
"VersaCover for iPad Pro (11-inch, 3rd-1st gen) - Charcoal Black",99MO056086,平板殼
Integra USB-C Charge/Sync Cable with Lightning connector 90-degree 1.5M - Gray,99MO084045,線材
VersaCover for iPad Pro 11‑inch (1st/2nd Gen) - Savanna Beige,99MO056262,平板殼
VersaCover for iPad Pro 12.9-inch (3rd/4th Gen) - Charcoal Black,99MO056010,平板殼
Pluma Pouch - Denim Blue,99MO104535,收納包
Integra USB-C charge/sync cable with Lightning connector 0.25M - Gray,99MO084043,線材
VersaCover for iPad Pro 11‑inch (1st/2nd Gen) - Sienna Orange,99MO056811,平板殼
USB-C to USB Adapter - Silver,99MO084200,線材
ClearGuard for MacBook Air 2020 - US layout - N/A,99MO021927,鍵盤膜
USB-C Multimedia Adapter - Titanium Gray,99MO084213,集線器
Flekto,99MO022201,Applewatch週邊
iGlaze for MacBook Air 13 (Thunderbolt 3/USB-C) - Clear,99MO071909,電腦殼
Rewind 2 (Taiwan version) - White,99MO022110,充電器
Pebbo for AirPods Pro - Black,99MO123032,耳機套
ProGeo USB-C Wall Charger with USB Port (42W) -US - White,99MO022116,充電器
Lounge Q - Nordic Gray,99MO022218,無線充電盤
iVisor for MacBook Pro/Air 13 (Thunderbolt 3/USB-C) - Black,99MO040909,電腦貼
USB-C Cable with Lightning connector 3M - Black,99MO084003,線材
USB-C to Dual USB-A Adapter - Titanium Gray,99MO084214,集線器
USB-C Monitor Cable - Gray/Gold,99MO084031,線材
Symbus Mini - Titanium Gray,99MO084275,集線器
Integra™ USB-C to USB-A Charge/Sync Cable - Titanium Gray,99MO084211,無線充電盤
Pluma Pouch - Herringbone Gray,99MO104054,收納包
Sette Q - with power adapter,99MO022272,無線充電盤
ID/Badge Holder - Oak Brown,99MO095733,配件
Pluma for MacBook Pro/Air 13 - Denim Blue,99MO104534,電腦套
"Muse 13"" - Caramel Brown",99MO034751,電腦套
Pebbo for AirPods - Beige,99MO123161,耳機套
Pebbo for AirPods - Green,99MO123841,耳機套
USB-C Digital Audio Adapter - Silver,99MO084241,無線充電盤
TeraGlove Cleaning Kit - Black,99MO033002,清潔組
"Muse 13"" - Jet Black",99MO034008,電腦套
"iGlaze for MacBook Pro (13-inch, 2020) - Clear",99MO124902,電腦貼
Integra™ USB-C to USB-A Charge Cable (0.25M) - Titanium Gray,99MO084044,線材
IonGo 5K Duo with USB-C to Lightning Cable - Gray,99MO022024,行動電源
"iVisor AG for iPad Air (10.9-inch, 4th gen)/iPad Pro (11-inch, 2nd/1st gen) - black",99MO020041,平板貼
USB Cable with Lightning Connector (3M) - White,99MO023118,線材
HDMI to VGA Adapter with Audio - Sliver,99MO023207,轉接器
"iVisor AG for iPad Air (10.9-inch, 4th gen)/iPad Pro (11-inch, 3rd-1st gen) - black",99MO020043,平板貼
IonGo 5K with USB-A to Lightning Cable - Blue,99MO022019,行動電源
ClearGuard for MacBook  Pro 13/16 (Magic Keyboard) - US layout - N/A,99MO021924,鍵盤膜
Overture for iPhone 12/12 Pro (SnapTo™) - Jet Black,99MO091015,手機殼
"VersaCover for iPad (10.2-inch, 8th/7th gen) - Gray",99MO056261,平板殼
iVisor XT for MacBook Pro/Air 13 - Black,99MO040913,電腦貼
USB-C to DisplayPort Cable - White,99MO084102,線材
ProGeo 4-Port USB Wall Charger (35 W)-US - White,99MO022114,充電器
Nanohedron™ filters pack (L/M) - White,99MO126101,健康
Integra™ USB-C Charge Cable with Smart LED - Jet Silver,99MO084245,線材
"Muse 13"" - Seashell White",99MO034101,電腦套
Integra™ Headphone Jack Adapter - Silver,99MO023131,轉接器
Umbra for MacBook Pro/Air 13 (Thunderbolt 3/USB-C) - Black,99MO085009,電腦貼
IonGo 5K with USB-A to Lightning Cable - White,99MO022015,行動電源
Overture for iPhone 12/12 Pro (SnapTo™) - Pink,99MO091308,手機殼
QuikDuo™ Car Charger - Black,99MO022072,車用配件
ID/Badge Holder - Metro Black,99MO095006,配件
Dual-sided ID Badge Holder - Jet Black,99MO095014,配件
"VersaCover for iPad Pro (11-inch, 3rd-1st gen) - Sienna Orange",99MO056813,平板殼
USB-C Digital Audio Adapter with Charging (Universal) - Silver,99MO084249,線材
Porto Q 5K EPP,99MO022162,無線充電盤
Pluma for MacBook Pro/Air 13 - Herringbone Gray,99MO104052,電腦套
IonBank 10K with Lightning/USB Cable - Gray,99MO022124,行動電源
USB-C to HDMI Adapter with Charging - Titanium Gray,99MO084272,線材
Mini-Stereo Audio Cable - 6 ft (1.8M) - Black,99MO023002,轉接器
"VersaCover for iPad Pro (12.9-inch, 5th gen) - Charcoal Black",99MO056085,平板殼
iGlaze for iPhone 12/12 Pro - White,99MO113107,手機殼
Vortex 2 - Silver,99MO035243,耳機
SnapTo™ Universal Car Mount with Wireless Charging - Black,99MO122007,車用配件
SuperSkin for iPhone 11 - Matte,99MO111932,手機殼
USB-C to USB Cable - White,99MO084101,線材
Deep Purple UV Sanitizer,99MO129031,健康
Overture for iPhone 12 Pro Max (SnapTo™) - Jet Black,99MO091016,手機殼
Vitros for iPhone 12/12 Pro - Clear,99MO128902,手機殼
iGlaze for MacBook Air 13 (Thunderbolt 3/USB-C) - Black,99MO071007,電腦殼
ClearGuard MB with Touch Bar (US layout) - N/A,99MO021917,鍵盤膜
iVisor AG for Model 3 - Black,99MO020037,車用周邊
Dual-sided ID Badge Holder - Caramel Brown,99MO095753,配件
"VersaCover for iPad (10.2-inch, 8th/7th gen) - Black",99MO056081,平板殼
USB-C to HDMI Adapter - Silver,99MO084202,線材
Mini DisplayPort to HDMI Adapter (4K) - Silver,99MO023208,轉接器
Integra™ Aux Cable with Lightning Connector 4 ft (1.2 m) - Gray,99MO023134,線材
"iGlaze for MacBook Pro (13-inch, 2020) - Black",99MO124002,電腦貼
SuperSkin for iPhone XS/X - Black,99MO111063,手機殼
USB-C to Gigabit Ethernet Adapter - Sliver,99MO084203,線材
"iVisor AG for iPad Pro (12.9-inch, 5th-3rd gen) - Black",99MO020044,平板貼
Altra Body Strap - Sahara Beige,99MO095077,配件
Pluma for MacBook Pro/Air 13 - Carnation Pink,99MO104302,電腦套
ClearGuard MK (US layout) - N/A,99MO021914,鍵盤膜
World Travel Adapter with USB-C and USB-A Ports - White,99MO022156,Applewatch週邊
Altra Body Strap - Midnight Blue,99MO095531,配件
Altra for iPhone 12/12 Pro (SnapTo™) - Beige,99MO117307,手機殼
USB Cable with Lightning™ Connector (1M) - White,99MO023119,線材
VersaCover for iPad Pro/Air (10.5-inch) - Pink,99MO056303,平板殼
SnapTo™ Tabs - Gray,99MO122005,配件
Pluma Pouch - Carnation Pink,99MO104305,收納袋
Car Charger Duo - Black,99MO022007,車用配件
"VersaCover for iPad (10.2-inch, 8th/7th gen) - Pink",99MO056306,平板殼
ClearGuard MK with numeric keypad (US layout) - N/A,99MO021920,鍵盤膜
USB to Micro USB Cable 1 m - Black,99MO023008,線材
Altra for iPhone 12/12 Pro (SnapTo™) - Blue,99MO117008,手機殼
VersaCover for iPad mini 5 - Black,99MO064002,平板殼
High Speed HDMI Cable 6.6ft (2M) - White,99MO023126,轉接器
IonSlim 10K - Gray,99MO022145,行動電源
Pebbo for AirPods - Black,99MO123031,耳機套
Muto - Slate Gray,99MO130001,包款
IonGo 5K Duo with USB-C to Lightning Cable - Pink,99MO022303,行動電源
USB Cable with 30pin connector - 3 ft (0.9M) - White,99MO023101,轉接線
iGlaze for iPhone 12/12 Pro - Blue,99MO113532,手機殼
Apple Pencil Case - Black,99MO123001,applepencil保護
Altra for iPhone 12 Pro Max (SnapTo™) - Blue,99MO117009,手機殼
Overture for iPhone 12 Pro Max (SnapTo™) - Pink,99MO091309,手機殼
Pluma Laptop Sleeve 15-/16-inch - Herringbone Gray,99MO104055,電腦套
USB Cable with Lightning™ Connector (1M) - Black,99MO023006,線材
AirFoil Pro for iPhone 12/12 Pro - Black,99MO044912,手機貼
Apple pencil case - Sakura Pink,99MO123301,applepencil保護
Sette Q - without power adapter,99MO022273,無線充電盤
Gigabit Ethernet Cat 6 Cable (2017) - White,99MO023129,線材
iVisor XT for Model 3/Y - Black,99MO020042,車用周邊
Apple Pencil Case - Stone Gray,99MO123011,applepencil保護
ClearGuard MB (US Layout) - N/A,99MO021901,鍵盤膜
USB to Ethernet Adapter - Silver,99MO023204,轉接器
Mythro C - Silver,99MO035223,耳機
Vitros for iPhone 12 Pro Max - Clear,99MO128903,手機殼
Altra for iPhone 12 Pro Max (SnapTo™) - Beige,99MO117308,手機殼
Nanohedron™ filters pack (S) - White,99MO126102,健康
iGlaze for iPhone 11 Pro Max (SnapTo™) - Green,99MO113652,手機殼
SnapTo™ Wall Mount - Stone Gray,99MO122001,配件
3.5 mm Audio Jack Splitter - Black,99MO023005,轉接器
Superskin for iPhone 11 Pro - Clear,99MO111908,手機殼
ClearGuard MB without Touch Bar (US layout) - N/A,99MO021911,鍵盤膜
SuperSkin for iPhone 8 Plus - Clear,99MO111902,手機殼
ProGeo Adapter Pack - White,99MO022154,充電器配件
Overture for iPhone XR - Charcoal Black,99MO091010,手機殼
Travel Stand for Apple Watch - White,99MO053101,Applewatch週邊
AirFoil Pro for iPhone 12 Pro Max - Black,99MO044913,手機貼
IonSlim 5K - Gray,99MO022144,行動電源
SuperSkin for iPhone XS Max - Clear,99MO111907,手機殼
OmniGuard Mask (M) - Black,99MO126002,健康
ProGeo USB-C Laptop Charger (65W)-US - White,99MO022146,充電器
AirFoil Pro for iPhone 11 - Black,99MO044915,手機貼
Integra™ USB-C Charge Cable (1m) - Jet Silver,99MO084244,線材
SnapTo™ Universal Car Mount - Gray,99MO122012,配件
iGlaze for iPhone 12 Pro Max - White,99MO113108,手機殼
iGlaze for iPhone 12 Pro Max - Blue,99MO113533,手機殼
SuperSkin for iPhone XR - Clear,99MO111906,手機殼
VersaCover for iPad Pro/Air (10.5-inch) - Black,99MO056006,平板殼
Aux to USB-C Cable  4 ft (1.2 m) - Black,99MO084004,線材
Capto for iPhone 11 - Pink,99MO114304,手機殼
MetaCover for iPad Air 2 - Black,99MO083001,平板殼
SuperSkin for iPhone 11 Pro - Matte,99MO111931,手機殼
OmniGuard Mask (L) - Black,99MO126001,健康
USB-C Multiport Adapter - Golden Rose,99MO084207,集線器
Altra for iPhone 11 Pro (SnapTo™) - Beige,99MO117303,手機殼
OmniGuard Mask (M) - Gray,99MO126012,健康
iVisor Pro 16 - Black,99MO040912,電腦貼
OmniGuard Mask (L) - Gray,99MO126011,健康
SnapTo™ Slim Wallet - Luna Pink,99MO095302,配件
SuperSkin for iPhone 11 Pro Max - Clear,99MO111911,手機殼
Vitros for iPhone XS Max - Clear,99MO103905,手機殼
iGlaze for iPhone XS/X - Black,99MO101001,手機殼
Aro Mini - Midnight Black,99MO125002,包款
Mythro C - Gray,99MO035246,耳機
Altra for iPhone 11 Pro Max (SnapTo™) - Beige,99MO117305,手機殼
Vitros for iPhone XR - Silver,99MO103202,手機殼
VersaCover for iPad Pro/Air (10.5-inch) - Gray,99MO056013,平板殼
iVisor AG for iPad/Air/Pro (10.2/10.5-inch) - White,99MO020036,平板貼
Altra for iPhone XR (SnapTo™) - White,99MO117111,手機殼
Helios Mini - Jet Black,99MO087004,包款
iGlaze Pro 16 - Clear,99MO124901,電腦貼
Codex 13 (Thunderbolt 3/USB-C) - Burgundy Red,99MO093321,電腦套
Altra for iPhone XS Max (SnapTo™) - Green,99MO117602,手機殼
Vitros for iPhone SE 2/8/7 - Pink,99MO103252,手機殼
AirFoil Pro for iPhone 11 Pro - Black,99MO044914,手機貼
iGlaze for iPhone 11 Pro (SnapTo™) - White,99MO113103,手機殼
Silicone Eartips - Black,99MO035004,耳機
Overture for iPhone SE 2/8/7 - Sahara White,99MO091101,手機殼
Vitros for iPhone XS/X - Pink,99MO103251,手機殼
StealthCover for iPhone XS/X - Gray,99MO102021,手機殼
Urbana - Slate Black,99MO078002,包款
Tego Slingpack - Charcoal Black,99MO110003,包款
Mythro - Pink,99MO035302,耳機
Overture for iPhone XS/X - Black,99MO101002,手機殼
USB-C to VGA Adapter - Silver,99MO084201,線材
Mini DisplayPort to DisplayPort Cable 1.5M 4K@60 - White,99MO041104,線材
Muto - Coastal Beige,99MO130301,包款
Capto for iPhone XR - Black,99MO114001,手機殼
AirFoil Glass for iPhone 11/XR - Clear,99MO076020,手機貼
Umbra for Pro 16 - Black,99MO085018,電腦貼
Overture for iPhone XS/X - Pink,99MO101303,手機殼
XT Black for iPhone SE 2/8/7 - Black,99MO088061,手機殼
Treya Lite - Caramel Brown,99MO118751,包款
Overture for iPhone XR - Herringbone Gray,99MO091051,手機殼
AirFoil Glass for iPhone 11 Pro Max/XS Max - Clear,99MO076021,手機貼
iVisor AG for iPhone 12 Pro Max - Black,99MO020040,手機貼
SenseCover for iPhone XR - Blue,99MO072531,手機殼
iGlaze for iPhone XS/X - Pink,99MO101301,手機殼
iVisor AG for iPhone 8 - White,99MO020021,手機貼
AirFoil Camera Protector for dual-camera systems - N/A,99MO044908,手機鏡頭貼
Key Holder - Burgundy Red,99MO095323,配件
iGlaze Pro 15 (Thunderbolt 3/USB-C) - Clear,99MO071908,電腦貼
Treya Briefcase - Jet Black,99MO118003,包款
SenseCover for iPhone XS/X - Black,99MO072010,手機殼
iPouch Plus - Pink,99MO001406,手機保護
SnapTo Crossbody Wallet - Jet Black,99MO095009,配件
USB-C to USB Cable - Black,99MO084002,線材
IonBank 5K with Lightning/USB Cable - Gray,99MO022123,行動電源
3.5mm to RCA Stereo Cable-6 ft (1.8M) - White,99MO023114,轉接器
Altra for iPhone XS Max (SnapTo™) - White,99MO117112,手機殼
Altra for iPhone 12 mini (SnapTo™) - Beige,99MO117306,手機殼
Urbana Navi - Herringbone Blue,99MO078532,包款
iGlaze for iPhone XS/X - White,99MO101101,手機殼
Capto for iPhone XR - Pink,99MO114301,手機殼
iGlaze for iPhone 11 Pro (SnapTo™) - Black,99MO113003,手機殼
Overture for iPhone XS/X - Brown,99MO101751,手機殼
Vitros for iPhone XS Max - Gold,99MO103302,手機殼
Overture for iPhone SE 2/8/7 - Daisy Pink,99MO091301,手機殼
Kameleon for iPhone XS/X - White,99MO101032,手機殼
Vitros for iPhone 11 Pro - Black,99MO103036,手機殼
IonGlass Privacy for iPhone 11/XR - Black,99MO115001,手機貼
Symbus Q (US) - Nordic Gray,99MO084218,無線充電盤
SuperSkin for iPhone 11 Pro Max - Matte,99MO111933,手機殼
Helios Lite - Titanium Gray,99MO087701,包款
Umbra for Pro 15 (Thunderbolt 3/USB-C) - Black,99MO085010,電腦貼
iGlaze for iPhone 11 Pro Max (SnapTo™) - White,99MO113105,手機殼
Mythro LT - Silver,99MO035224,耳機
StealthCover for iPhone XS Max - Pink,99MO102303,手機殼
Memory Foam Eartips - Black,99MO035003,耳機
Codex 15/16 (Thunderbolt 3/USB-C) - Burgundy Red,99MO093322,電腦套
Vitros for iPhone XS/X - Red,99MO103321,手機殼
iGlaze for iPhone XS Max (SnapTo™) - Blue,99MO113632,手機殼
Capto for iPhone XS Max - Pink,99MO114302,手機殼
Mythro - Gold,99MO035731,耳機
Tego Slingpack - Olive Green,99MO110601,包款
Tego Slingpack - Galaxy Black,99MO110072,包款
Tego Backpack - Charcoal Black,99MO110001,包款
Adjustable Body Strap - Camo Black,99MO095013,配件
AirTag Key Ring - Caramel Brown,99MO095754,airtag保護套
VersaCover for iPad mini 5 - Pink,99MO064304,平板殼
Altra for iPhone 11 Pro Max (SnapTo™) - Black,99MO117006,手機殼
SnapTo™ Wireless Charger - Gray,99MO122011,車用配件
Altra for iPhone 11 Pro (SnapTo™) - Black,99MO117004,手機殼
SnapTo™ Slim Wallet - Jet Black,99MO095010,配件
Key Holder - Onyx Black,99MO095003,配件
Overture for iPhone 11 Pro Max (SnapTo™) - Pink,99MO091306,手機殼
SnapTo™ Slim Wallet - Caramel Brown,99MO095752,配件
iVisor AG for iPhone 12/12 Pro - Black,99MO020039,手機貼
iVisor AG for iPad Pro 12.9-inch (3rd/4th Gen) - Black,99MO020028,平板貼
iGlaze for iPhone XS Max (SnapTo™) - Black,99MO113002,手機殼
iGlaze for iPhone 12 mini - White,99MO113106,手機殼
Capto for iPhone XS/X - Black,99MO114003,手機殼
Overture for iPhone 11 Pro (SnapTo™) - Pink,99MO091305,手機殼
Mini DisplayPort to VGA Adapter - Silver,99MO023201,轉接器
Altra for iPhone 12 mini (SnapTo™) - Blue,99MO117007,手機殼
Overture for iPhone 11 Pro (SnapTo™) - Black,99MO091012,手機殼
iVisor AG for iPad/Air/Pro (10.2/10.5-inch) - Black,99MO020035,平板貼
Overture for iPhone 12 mini (SnapTo™) - Jet Black,99MO091014,手機殼
iVisor AG for iPad mini (5th Gen) - white,99MO020034,平板貼
Overture for iPhone 12 mini (SnapTo™) - Pink,99MO091307,手機殼
iGlaze for iPhone 12 mini - Blue,99MO113531,手機殼
Helios Lite - Slate Black,99MO087002,包款
Treya - Jet Black,99MO118001,包款
Helios Mini - Emerald Green,99MO087521,包款
iGlaze for iPhone XR (SnapTo™) - Red,99MO113321,手機殼
Treya Lite - Jet Black,99MO118002,包款
Helios Mini - Olive Green,99MO087601,包款
Overture for iPhone XS Max - Charcoal Black,99MO091011,手機殼
iGlaze for iPhone XS Max (SnapTo™) - White,99MO113102,手機殼
Helios Lite - Sky Blue,99MO087501,包款
Urbana Navi - Herringbone Gray,99MO078032,包款
iGlaze Pro 15 (Thunderbolt 3/USB-C) - Black,99MO071006,電腦貼
iVisor AG for iPad mini (5th Gen) - Black,99MO020031,平板貼
SenseCover for iPhone XS Max - Blue,99MO072532,手機殼
Mythro - Purple,99MO035411,耳機
Symbus (US) - Silver,99MO084205,無線充電盤
Vitros for iPhone XS/X - Silver,99MO103201,手機殼
Urbana Lite - Herringbone Blue,99MO078533,包款
Aria - Ceramic Gray,99MO108011,包款
Vesta for iPhone XS/X - Blue,99MO101511,手機殼
Key Ring - Slate Black,99MO095012,配件
Gigabit Ethernet Cat 6 Cable - 12 ft (3.6 M) - White,99MO023107,轉接器
Helios Mini - Pebble Gray,99MO087011,包款
Carta - Herringbone Black,99MO119001,包款
Passport Holder - Onyx Black,99MO095001,配件
Luxe for iPhone 7 plus - Rose Pink,99MO090302,手機殼
Adjustable Body Strap - Camo Green,99MO095601,配件
Hexa - Khaki Brown,99MO112711,包款
Avanti LT - Red,99MO035326,耳機
Luxe for iPhone SE 2/8/7 - Rose Pink,99MO088303,手機殼
VersaCover for iPad Mini 4 - Black,99MO064001,平板殼
Vitros for iPhone 12 mini - Clear,99MO128901,手機殼
SnapTo Crossbody Wallet - Sienna Orange,99MO095801,配件
Kameleon for iPhone XS/X - Blue,99MO101512,手機殼
Overture for iPhone XR - Savanna Beige,99MO091261,手機殼
Aro - Caramel Brown,99MO125750,包款
iGlaze for iPhone XR (SnapTo™) - White,99MO113101,手機殼
iVisor AG for iPhone SE 2/8/7 - Black,99MO020020,手機貼
Vitros for iPhone XR - Gold,99MO103301,手機殼
iGlaze Pro 16 - Black,99MO124001,電腦貼
Capto for iPhone XS Max - Black,99MO114002,手機殼
Aro - Midnight Black,99MO125001,包款
Vitros for iPhone XS Max - Black,99MO103035,手機殼
OmniGuard Mask (S) - Black,99MO126003,健康
Capto for iPhone XS/X - Pink,99MO114303,手機殼
SenseCover for iPhone XR - White,99MO072111,手機殼
iGlaze for iPhone 11 Pro Max (SnapTo™) - Black,99MO113005,手機殼
Mini DisplayPort to HDMI Adapter Pro 4K@60 - Silver,99MO023241,線材
Overture for iPhone XS Max - Herringbone Gray,99MO091052,手機殼
Aro Mini - Caramel Brown,99MO125751,包款
Treya Briefcase - Caramel Brown,99MO118752,包款
iVisor AG for iPhone 8 Plus - White,99MO020023,手機貼
StealthCover for iPhone XS/X - Pink,99MO102301,手機殼
iGlaze for iPhone XS Max (SnapTo™) - Pink,99MO113302,手機殼
iGlaze for iPhone XR (SnapTo™) - Pink,99MO113301,手機殼
Vesta for iPhone SE 2/8/7 - Bahama Blue,99MO088513,手機殼
Vitros for iPhone XS Max - Silver,99MO103203,手機殼
Urbana Navi - Herringbone Green,99MO078632,包款
SenseCover for iPhone 8/7 - Rose Pink,99MO072307,手機殼
iVisor AG for iPad (5th/6th Gen.) - White,99MO020017,平板貼
IonSuit for iPhone 8/7 - Black,99MO098001,手機殼
Vitros for iPhone 11 Pro Max - Gold,99MO103305,手機殼
iVisor AG for iPhone 12 mini - Black,99MO020038,手機貼
Vesta for iPhone 8 Plus - Bahama Blue,99MO090513,手機殼
Kameleon for iPhone 8/7 - Ivory White,99MO089101,手機殼
Passport Holder - Oak Brown,99MO095731,配件
Folding Key Holder - Oak Brown,99MO095734,配件
Key Ring - Bahama Blue,99MO095532,配件
Vesta for iPhone 8 Plus - Blossom Pink,99MO090304,手機殼
iGlaze for iPad Pro (12.9-inch)(2nd Gen.),99MO039911,平板殼
Tego Sling Messenger - Charcoal Black,99MO110004,包款
Aerio - Herringbone Gray,99MO082051,包款
Urbana Lite - Herringbone Gray,99MO078033,包款
iGlaze for iPhone 8 Plus/7 Plus - Metro Black,99MO090002,手機殼
iGlaze for iPhone XS Max (SnapTo™) - Red,99MO113322,手機殼
iGlaze for iPhone 8/7 - Powder Blue,99MO088521,手機殼
Vesta for iPhone SE 2/8/7 - Blossom Pink,99MO088304,手機殼
Talos for iPhone XS/X - Black,99MO086041,手機殼
Aria - Mountain Grey,99MO108012,包款
Hexa - Forest Green,99MO112601,包款
iGlaze for iPhone 8 Plus/7 Plus - Blush Pink,99MO090301,手機殼
Napa for iPhone 8 Plus/7 Plus - Melrose Pink,99MO090303,手機殼
SenseCover for iPhone 8/7 - Sahara Beige,99MO072103,手機殼
Venturo (soft version) - Steel Blue,99MO077511,包款
Mythro Air - Gunmetal Gray,99MO035242,耳機
Concerti for iPad Air - Metro black,99MO057041,平板殼
SenseCover for iPhone XS/X - Pink,99MO072309,手機殼
Urbana - Gray,99MO078031,包款
Adjustable Body Strap - Camo Beige,99MO095712,配件
Tego Sling Messenger - Vintage Brown,99MO110731,包款
Hexa - Midnight Black,99MO112001,包款
Vesta for iPhone XR (SnapTo™) - Pink,99MO116301,手機殼
Muse for iPad - Purple,99MO034412,平板套
iVisor AG for iPhone 7 Plus - Black,99MO020010,手機貼
Key Ring - Sandstone Beige,99MO095711,配件
Armour for iPhone 7 - Onyx Black,99MO088004,手機殼
Armour for iPhone 7 - Gunmetal Gray,99MO088021,手機殼
Costa - Sandstone Beige,99MO099741,包款
Vesta for iPhone XS Max (SnapTo™) - Gray,99MO116012,手機殼
Xync (Micro USB) - Black,99MO023051,轉接器
iVisor 12 - Black,99MO040908,電腦貼
iGlaze Kameleon 6 - Black,99MO079022,手機殼
Aerio Lite - Blue,99MO082501,包款
Armband - Black,99MO086003,配件
Costa - Slate Black,99MO099001,包款
Costa - Granite Gray,99MO099041,包款
Vesta for iPhone XS/X - Pink,99MO101302,手機殼
Codex 12 - Onyx Black,99MO010009,電腦套
Codex 12 - Burgundy Red,99MO010322,電腦套
iVisor AG for iPhone 6 Plus - White,99MO020973,手機貼
Avanti - Black,99MO035007,耳機
Urbana Mini - Black,99MO078001,包款
Endura - Black,99MO086001,配件
Armour for iPhone 7 Plus - Jet Black,99MO090007,手機殼
Overture for Galaxy S8 - Black,99MO091007,手機殼
AirTag Key Ring - Jet Black,99MO095015,airtag保護套
Verana - Amber Orange,99MO109812,包款
Captus - Sandstone Beige,99MO120741,包款
Aro Mini - Forest Green,99MO125602,包款
Vespo - Ash Gray,99MO131261,包款
Muse 13 - Graphite Black,99MO034007,電腦套
Altra Body Strap - black,99MO095007,配件
ClearGuard Air 13 (Thunderbolt 3/USB-C) - US layout - N/A,99MO021921,鍵盤膜
Overture for iPhone 8 Plus/7 Plus - Sahara White,99MO091102,手機殼
Altra Body Strap - Beige,99MO095076,配件
Vitros for iPhone XS/X - Black,99MO103031,手機殼
VersaCover for iPad Pro 11 -inch - Black,99MO056008,平板殼
SnapTo Crossbody Wallet - Luna Pink,99MO095301,配件
Capto for iPhone 11 - Black,99MO114004,手機殼
OmniGuard Mask (S) - Gray,99MO126013,健康
iGlaze for iPhone 11 Pro (SnapTo™) - Green,99MO113651,手機殼
iGlaze Pro 13 R ( V2) - Gold,99MO071231,電腦貼
USB-C Car Charger - Black,99MO022071,車用周邊
AirFoil Pro for iPhone 12 mini - Black,99MO044911,手機貼
Vitros for iPhone 11 Pro - Gold,99MO103303,手機殼
iGlaze for iPhone XR (SnapTo™) - Blue,99MO113631,手機殼
iGlaze 12 - Clear,99MO071905,電腦殼
StealthCover for iPhone XR - Gray,99MO102022,手機殼
iGlaze for iPhone XS/X (SnapTo) - White,99MO101103,手機殼
iVisor Pro 15 (Thunderbolt 3/USB-C) - Black,99MO040910,電腦貼
Active USB 3.0 Extension Cable - 10 ft (3M) - White,99MO023125,線材
AirFoil Glass for iPhone 11 Pro/XS/X - Clear,99MO076014,手機貼
Overture for iPhone XS Max - Savanna Beige,99MO091262,手機殼
StealthCover for iPhone XS Max - Gray,99MO102023,手機殼
Xync (Lightning) - White,99MO023124,轉接器
iGlaze for iPhone 8/7 Plus (SnapTo) - Pearl White,99MO090102,手機殼
StealthCover for iPhone XR - Pink,99MO102302,手機殼
SenseCover for iPhone XS Max - White,99MO072112,手機殼
Vesta for iPhone XR (SnapTo™) - Green,99MO116601,手機殼
Tego Crossbody Sling - Galaxy Black,99MO110071,包款
Vesta for iPhone XR (SnapTo™) - Gray,99MO116011,手機殼
Venturo (soft version) - Charcoal Black,99MO077001,包款
Vitros for iPhone 11 Pro - Clear,99MO103906,手機殼
Napa for iPhone 8 Plus/7 Plus - Charcoal Black,99MO090003,手機殼
VersaCover for iPad mini 5 - Gray,99MO064011,平板殼
VersaCover for iPad Pro 11-inch - Gray,99MO056011,平板殼
iPouch - Black,99MO001005,手機保護
iVisor AG for iPad Pro 12.9-inch (1st/2nd Gen) - Black,99MO020014,平板貼
iGlaze Pro 13 (Thunderbolt 3/USB-C) - Pink,99MO071302,電腦貼
iGlaze for iPhone SE 2/8/7 - Pearl White,99MO088101,手機殼
Aria - Olive Green,99MO108741,包款
Altra for iPhone XS Max (SnapTo™) - Black,99MO117002,手機殼
Wall Mount for iPad - White,99MO083101,平板配件
Vesta for iPhone XS Max (SnapTo™) - Green,99MO116602,手機殼
iVisor AG for iPhone 8 Plus - Black,99MO020022,手機貼
iGlaze for iPhone XS/X (SnapTo) - Pink,99MO101306,手機殼
Overture for iPhone 6 - Titanium,99MO052241,手機殼
Arcus - Titanium Gray,99MO094071,包款
Vacanza - Charcoal Black,99MO097001,包款
Vitros for iPhone 11 Pro Max - Clear,99MO103908,手機殼
Digits (L) - Dark gray,99MO065031,手套
SnapTo™ Transformer - Black,99MO122004,配件
Aro - Forest Green,99MO125601,包款
iVisor AG for iPhone 7 Plus - White,99MO020011,手機貼
Muse 12 - Black,99MO034003,電腦套
iGlaze Pro 13 R - Pink,99MO071301,電腦貼
iGlaze for iPhone 8 Plus/7 Plus - Taupe Pink,99MO090305,手機殼
Slim Wallet - Burgundy Red,99MO095322,配件
Lula - Slate Black,99MO100001,包款
Lula - Bahama Blue,99MO100531,包款
Vitros for iPhone 8 Plus/7 Plus - Black,99MO103033,手機殼
iVisor AG for iPad (5th/6th Gen.) - Black,99MO020016,平板貼
Keramo - Black,99MO035005,耳機
Napa for iPhone 8 Plus/7 Plus - Marine Blue,99MO090512,手機殼
Aria - Slate Black,99MO108001,包款
Carta - Vintage Brown,99MO119731,包款
SenseCover for iPhone XS/X - Brown,99MO072731,手機殼
Overture for iPhone 6 - Beige,99MO052101,手機殼
iVisor AG for iPad Pro 12.9-inch (1st/2nd Gen) - White,99MO020015,平板貼
Avanti - Red,99MO035323,耳機
VersaPouch Mini - Gray,99MO073741,平板套
Umbra for Surface Pro (2017) - Black,99MO085007,電腦貼
Talos for iPhone XS/X - Gray,99MO086011,手機殼
iGlaze for iPhone 8/7 - Mellow Yellow,99MO088721,手機殼
iGlaze for iPhone 8 Plus/7 Plus - Peal White,99MO090101,手機殼
Armour for iPhone 7 Plus - Red,99MO090321,手機殼
Vacanza - Titanium Gray,99MO097071,包款
iGlaze for iPhone XS/X (SnapTo) - Armour Black,99MO101005,手機殼
Vitros for iPhone 11 Pro Max - Black,99MO103038,手機殼
Tego Slingpack - Stone Gray,99MO110263,包款
Slim Wallet - Oak Brown,99MO095732,配件
iGlaze for iPhone 8 Plus/7 Plus - Mellow Yellow,99MO090721,手機殼
iVisor AG for iPad Pro (9.7-inch) - White,99MO020007,平板貼
Avanti C - Black,99MO035081,耳機
Mythro - Silver,99MO035204,耳機
Avanti C - Beige,99MO035712,耳機
Luna (Chinese Layout) - Black,99MO048001,包款
Urbana Mini - Blue,99MO078501,包款
Urbana Lite - Herringbone Green,99MO078633,包款
Aerio - Titanium Gray,99MO082701,包款
Aerio Lite - Brown,99MO082731,包款
Endura for iPhone SE 2/8/7 - Black,99MO086008,手機殼
Armour for iPhone 7 - Jet Black,99MO088008,手機殼
Armour for iPhone 7 Plus - Satin Gold,99MO090231,手機殼
Overture for Galaxy S8+ - Black,99MO091008,手機殼
IonGlass for iPhone 8 Plus/7 Plus - Black,99MO096003,手機貼
Verana - Slate Black,99MO109001,包款
Tego Crossbody Sling - Charcoal Black,99MO110002,包款
Tego Crossbody Sling - Stone Gray,99MO110262,包款
OmniGuard Kids Mask  - Pink,99MO126301,健康
OmniGuard Kids Mask  - Blue,99MO126501,健康
Mythro Air - Jet Silver,99MO035221,耳機
iVisor Air 13 (2010-2017) - Silver,99MO040905,電腦貼
iGlaze Napa for iPhone 6 Plus - Red,99MO080321,手機殼
Magnet Mount for iPad - White,99MO083102,平板配件
Luxe for iPhone SE 2/8/7 - Black,99MO088202,手機殼
iGlaze for iPhone 8/7 - Blush Pink,99MO088301,手機殼
Wristlet clutch - Olive Green,99MO095741,配件
IonGlass for Pixel 3 XL - Black,99MO096019,手機貼
Costa - Bahama Blue,99MO099531,包款
iGlaze Napa for iPhone 6 - Blue,99MO079521,手機殼
iGlaze for iPhone 6 Plus - Black,99MO080001,手機殼
iVisor AG for iPad Pro/Air (10.5-inch) - Black,99MO020012,平板貼
Muse 12 - Beige,99MO034714,電腦套
Vortex - Dark Steel,99MO035021,耳機
Dulcia - Pink,99MO035311,耳機
Mythro Air - Burgundy Red,99MO035324,耳機
Moonrock - Green,99MO035621,耳機
Moonrock - Yellow,99MO035721,耳機
AirFoil Camera Protector for triple-camera systems - N/A,99MO044909,手機鏡頭貼
Vitros for Galaxy S8+ - Black,99MO058045,手機殼
Digits (S) - Light gray,99MO065011,手套
Concerti for iPad mini with Retina - Black,99MO066041,平板殼
Urbana - Blue,99MO078511,包款
Aerio - Charcoal Black,99MO082001,包款
Clip Mount - Black,99MO086004,配件
Handlebar Mount - Black,99MO086005,配件
Biking Kit - Black,99MO086010,配件
iGlaze for iPhone SE 2/8/7 (SnapTo) - Pearl White,99MO088102,手機殼
Napa for iPhone 8/7 - Melrose Pink,99MO088302,手機殼
Armour for iPhone 7 - Red,99MO088321,手機殼
Armour for iPhone 7 Plus - Gunmetal Gray,99MO090021,手機殼
iGlaze Clear for iPhone 7 Plus - Clear,99MO090902,手機殼
Arcus Camera Insert - Beige,99MO094074,包款
IonGlass for Galaxy S9+ - Black,99MO096015,手機貼
Lula - Coral Pink,99MO100301,包款
Vesta for iPhone XS/X - Gray,99MO101031,手機殼
Vitros for iPhone 8 Plus/7 Plus - Pink,99MO103253,手機殼
Aria - Amber Orange,99MO108811,包款
Vesta for iPhone XS Max (SnapTo™) - Pink,99MO116302,手機殼
Carta Water Bottle Holder - Vintage Brown,99MO119732,包款
Nanohedron filters pack (Kids) - White,99MO126103,健康
iPouch - Purple,99MO001421,手機保護
iVisor XT for iPhone SE/5s/5c/5 - White,99MO020924,手機貼
iVisor XT for iPhone 6 - White,99MO020971,手機貼
ClearGuard for MacBook Air 2020 - EU layout - N/A,99MO021928,鍵盤膜
IonBank 5K with Micro USB Connector - White,99MO022121,行動電源
Tycho for Galaxy S8 - Pink,99MO058302,手機殼
iGlaze Kameleon 6 - White,99MO079101,手機殼
iGlaze Ion for iPhone 6 - Titanium,99MO079204,手機殼
iGlaze for iPhone 6 - Tartan Rose,99MO079256,手機殼
iGlaze Kameleon iPhone 6 Plus - White,99MO080101,手機殼
iGlaze for iPhone 6 Plus - Purple,99MO080411,手機殼
iGlaze for iPhone 8/7 Plus (SnapTo) - Taupe Pink,99MO090307,手機殼
Passport Holder - Burgundy Red,99MO095321,配件
Carta Water Bottle Holder - Herringbone Black,99MO119002,包款
iPouch - Beige,99MO001705,手機保護
Codex 15 R - Black,99MO010008,電腦套
PalmGuard 13 (Unibody) - Silver,99MO012205,電腦貼
PalmGuard 17 (Unibody) - Silver,99MO012207,電腦貼
PalmGuard Air 11 - Silver,99MO012208,電腦貼
PalmGuard Air 13 (2008-2017) - Silver,99MO012209,電腦貼
PalmGuard 15 R - Silver,99MO012210,電腦貼
iLynx 3.0 - WRLD - Silver,99MO018205,集線器
iVisor AG for iPad mini 4 - White,99MO020002,平板貼
iVisor AG for iPhone 7 - Black,99MO020008,手機貼
iVisor AG for Surface Go - Black,99MO020027,車用周邊
iVisor AG for iPhone SE/5s/5c/5 - Black,99MO020921,手機貼
iVisor AG for iPhone SE/5s/5c/5 - White,99MO020922,手機貼
iVisor XT for iPhone SE/5s/5c/5 - Black,99MO020923,手機貼
iVisor AG for iPad mini - White,99MO020934,平板貼
iVisor XT for iPad mini - Black,99MO020935,平板貼
iVisor XT for iPad mini - White,99MO020936,平板貼
iVisor AG for iPad Air (black) - Black,99MO020950,平板貼
iVisor XT for iPhone 6 - Black,99MO020970,手機貼
iVisor XT for iPhone 6 Plus - Black,99MO020974,手機貼
iVisor XT for iPad Air 2 - White,99MO020987,平板貼
ClearGuard MB (EU Layout) - N/A,99MO021903,鍵盤膜
ClearGuard MB (JP Layout)(R) - N/A,99MO021910,鍵盤膜
ClearGuard MB without Touch Bar (EU layout) - N/A,99MO021912,鍵盤膜
ClearGuard MB without Touch Bar(JP layout) - N/A,99MO021913,鍵盤膜
ClearGuard MK (EU layout) - N/A,99MO021915,鍵盤膜
ClearGuard MK (JP layout) - N/A,99MO021916,鍵盤膜
ClearGuard MB with Touch Bar (JP layout) - N/A,99MO021919,鍵盤膜
ClearGuard Air 13 (Thunderbolt 3/USB-C) - EU layout - N/A,99MO021922,鍵盤膜
ClearGuard Air 13 (Thunderbolt 3/USB-C) - JP layout - N/A,99MO021923,鍵盤膜
ClearGuard for MacBook  Pro 13/16 (Magic Keyboard)  - EU layout - N/A,99MO021925,鍵盤膜
ClearGuard for MacBook  Pro 13/16 (Magic Keyboard) - JP layout - N/A,99MO021926,鍵盤膜
ClearGuard for MacBook Air 2020 - JP layout - N/A,99MO021929,鍵盤膜
QuikDuo™ Car Charger (Microsoft) - Black,99MO022073,車用配件
Rewind -no cable (US version) - White,99MO022107,充電器
Rewind -no cable (China version) - White,99MO022109,充電器
Rewind 2 (US version) - White,99MO022111,充電器
Rewind 2 (China version) - White,99MO022112,充電器
ProGeo USB-C Wall Charger with USB Port (42W) -CN - white,99MO022119,充電器
Rewind C (30W)-CN - white,99MO022120,充電器
Wall Charging Kit (TW) - White,99MO022129,充電器
ProGeo USB-C Laptop Charger (65W)-EU - White,99MO022147,充電器
ProGeo USB-C Laptop Charger (65W)-AU - White,99MO022148,充電器
ProGeo USB-C Laptop Charger (65W)-CN - White,99MO022149,充電器
ProGeo 4-Port USB Wall Charger (35 W)-EU - white,99MO022151,充電器
ProGeo 4-Port USB Wall Charger (35 W)-AU - white,99MO022152,充電器
ProGeo 4-Port USB Wall Charger (35 W)-CN - white,99MO022153,充電器
ProGeo 4-Port USB Travel Charger (35 W) - White,99MO022155,充電器
USB to Micro USB Cable 3 m - Black,99MO023009,線材
USB 3.0 to Gigabit Ethernet Adapter,99MO023209,轉接器
Integra™ Lightning to USB-A Charge/Sync Cable (1.2M) - Gold,99MO023223,線材
Muse 13 - Gray,99MO034011,電腦套
Muse for iPad - Gray,99MO034012,平板套
Moonrock - Black,99MO035001,耳機
Dulcia - Black,99MO035002,耳機
Avanti Air - Black,99MO035008,耳機
Avanti Jason Wu - Grey,99MO035011,耳機
Vortex Air - Dark Steel,99MO035023,耳機
Avanti LT - Black,99MO035082,耳機
Magnetic clip - Black,99MO035083,耳機
Moonrock - White,99MO035101,耳機
Dulcia - White,99MO035102,耳機
Magnetic clip - White,99MO035104,耳機
Clarus-MFi - Silver,99MO035201,耳機
Spatia US - Gray/Black,99MO035205,音響
Spatia EU/UK - Gray/Black,99MO035206,音響
Spatia TW - Gray/Black,99MO035208,音響
Moonrock - Pink,99MO035301,耳機
Moonrock - Red,99MO035321,耳機
Mythro - Red,99MO035322,耳機
Avanti C - Red,99MO035325,耳機
Avanti - Beige,99MO035711,耳機
iGlaze for iPad Pro (12.9-inch) - Clear,99MO039910,平板殼
iVisor Pro 13 - N/A,99MO040901,電腦貼
AirFoil Screen Protector Set for iPhone SE/5s/5c/5 - N/A,99MO044903,手機貼
Overture for iPhone 6 Plus - Beige,99MO052102,手機殼
Overture for iPhone 6 Plus - Titanium,99MO052242,手機殼
iGlaze for iPad Pro (9.7-inch) - Clear,99MO055902,平板殼
VersaCover for iPad Pro 12.9-inch (3rd Gen) - Black,99MO056007,平板殼
Tycho for Galaxy S8 - Black,99MO058041,手機殼
Napa for Galaxy S8 - Black,99MO058043,手機殼
Napa for Galaxy S8+ - Black,99MO058044,手機殼
Vitros for Galaxy S8+ - Clear,99MO058046,手機殼
Vitros for Galaxy S8+ - Pink,99MO058303,手機殼
Stanza Duo - Silver,99MO060201,平板配件
iGlaze Kameleon 5 - Black,99MO061003,手機殼
iGlaze 5 - White,99MO061101,手機殼
iGlaze Armour for iPhone SE - Gunmetal Gray,99MO061211,手機殼
iGlaze Armour 5 - Bronze,99MO061231,手機殼
iGlaze Armour for iPhone SE - Golden Rose,99MO061251,手機殼
iGlaze 5 - Pink,99MO061301,手機殼
iGlaze 5 - Red,99MO061321,手機殼
iGlaze 5 - Purple,99MO061411,手機殼
iGlaze 5 - Blue,99MO061501,手機殼
VersaCover for iPad mini - Pink,99MO064301,平板殼
VersaCover for iPad mini w/R - Pink,99MO064302,平板殼
VersaCover for iPad mini - Blue,99MO064521,平板殼
Digits (M) - Light gray,99MO065013,手套
VersaKeyboard for iPad (5th/6th Gen.) TW - Black,99MO070022,平板殼
VersaKeyboard for iPad Pro 10.5-inch RU - Black,99MO070029,平板殼
iGlaze Pro 13 R - Green,99MO071611,電腦貼
iGlaze Air 13 (2010-2017) - Clear,99MO071902,電腦殼
SenseCover for iPhone SE/5s/5 - Black,99MO072001,手機殼
SenseCover for iPhone 6 Plus - Beige,99MO072102,手機殼
SenseCover for iPhone 6 - Pink,99MO072303,手機殼
SenseCover for iPhone 6 Plus - Black,99MO072304,手機殼
iVisor Glass for iPad Air 2 - Black,99MO075000,平板貼
iVisor Glass for iPhone SE/5s/5c/5 - Black,99MO075001,手機貼
iVisor Glass for iPhone SE/5s/5c/5 - White,99MO075002,手機貼
iVisor Glass for iPad mini - Black,99MO075004,平板貼
iVisor Glass for iPhone 6 - Black,99MO075007,手機貼
iVisor Glass for iPhone 6 Plus - Black,99MO075008,手機貼
iVisor Glass for iPhone SE/5s/5c/5 - Yellow,99MO075722,手機貼
iVisor Glass for iPad mini - White,99MO075802,平板貼
iVisor Glass for iPad Air 2 - White,99MO075807,平板貼
IonGlass  for Galaxy S8+ - Black,99MO075813,手機貼
AirFoil Glass for iPhone SE/5s/5c/5 - N/A,99MO076001,手機貼
AirFoil Glass for iPhone 6 - Clear,99MO076006,手機貼
AirFoil Glass for iPhone 6 Plus - Clear,99MO076007,手機貼
AirFoil Glass for iPhone 8 Plus/7 Plus - Clear,99MO076012,手機貼
AirFoil Glass for LG G6 - Clear,99MO076013,手機貼
Airfoil Glass for Pixel 2 - Clear,99MO076016,手機貼
Venturo - Navy Blue,99MO077521,包款
Venturo - Titanium Gray,99MO077701,包款
Urbana Mini - Coral Pink,99MO078303,包款
Urbana - Green,99MO078631,包款
Urbana - Tuscan Yellow,99MO078721,包款
Urbana Mini - Tuscan Yellow,99MO078722,包款
iGlaze Ion for iPhone 6 - Black Steel,99MO079003,手機殼
iGlaze Armour iPhone 6 - Gray,99MO079021,手機殼
iGlaze for iPhone 6 - White,99MO079102,手機殼
iGlaze Napa for iPhone 6 - Beige,99MO079104,手機殼
iGlaze Armour iPhone 6 - Silver,99MO079201,手機殼
iGlaze Kameleon 6 - Titanium,99MO079202,手機殼
iGlaze Armour iPhone 6 - Gold,99MO079251,手機殼
iGlaze for iPhone 6 - Pink,99MO079301,手機殼
iGlaze Luxe for iPhone 6 - Rose Pink,99MO079302,手機殼
iGlaze Armour iPhone 6S - Golden Rose,99MO079305,手機殼
iGlaze Napa for iPhone 6 - Red,99MO079321,手機殼
iGlaze for iPhone 6 - Purple,99MO079411,手機殼
iGlaze for iPhone 6 - Blue,99MO079501,手機殼
iGlaze for iPhone 6 - XT,99MO079901,手機殼
iGlaze Napa for iPhone 6 Plus - Black,99MO080002,手機殼
iGlaze Armour iPhone 6 Plus - Gray,99MO080021,手機殼
iGlaze Armour iPhone 6 Plus - Silver,99MO080201,手機殼
iGlaze Armour iPhone 6 Plus - Gold,99MO080251,手機殼
iGlaze for iPhone 6 Plus - Tartan Rose,99MO080255,手機殼
iGlaze for iPhone 6 Plus - Pink,99MO080301,手機殼
iGlaze Luxe for iPhone 6 Plus - Rose Pink,99MO080302,手機殼
iGlaze Armour for iPhone 6S Plus - Golden Rose,99MO080305,手機殼
iGlaze for iPhone 6 Plus - Blue,99MO080501,手機殼
iGlaze Napa for iPhone 6 Plus - Blue,99MO080521,手機殼
iGlaze for iPhone 6 Plus - Tartan Walnut,99MO080731,手機殼
iGlaze for iPhone 6 Plus - XT,99MO080901,手機殼
USB-C to Micro-B Cable - Black,99MO084001,線材
USB-C Charge Cable (2m) - White,99MO084100,線材
USB-C Multiport Adapter - Satin Gold,99MO084206,集線器
Symbus (EU/UK) - Silver,99MO084209,無線充電盤
Symbus Q (EU/UK) - Nordic Gray,99MO084216,無線充電盤
Integra™ USB-C Charge Cable with Smart LED (Microsoft) - Jet Silver,99MO084281,線材
iVisor Glass Privacy for iPhone 6 Plus - White,99MO085004,手機貼
Running Kit - Black,99MO086009,配件
Helios - Charcoal Black,99MO087001,包款
Helios Lite - Herringbone Gray,99MO087052,包款
Helios Lite - Bahama Blue,99MO087531,包款
iGlaze for iPhone 8/7 - Metro Black,99MO088002,手機殼
Napa for iPhone 8/7 - Charcoal Black,99MO088003,手機殼
iGlaze for iPhone 8/7 - Armour Black,99MO088203,手機殼
iGlaze for  iPhone SE 2/8/7 (SnapTo) - Armour Black,99MO088204,手機殼
Armour for iPhone 7 - Satin Gold,99MO088231,手機殼
Armour for iPhone 7 - Golden Rose,99MO088251,手機殼
Luxe for iPhone SE 2/8/7 - Satin Gold,99MO088253,手機殼
iGlaze for iPhone 8/7 - Taupe Pink,99MO088305,手機殼
iGlaze for iPhone SE 2/8/7 (SnapTo) - Taupe Pink,99MO088306,手機殼
Napa for iPhone 8/7 - Marine Blue,99MO088512,手機殼
XT Clear for iPhone 7 - Clear,99MO088901,手機殼
Kameleon for iPhone 8 plus/7 plus - Ivory White,99MO089102,手機殼
Armour for iPhone 7 Plus - Onxy Black,99MO090004,手機殼
iGlaze for iPhone 8 Plus/7 Plus - Armour Black,99MO090009,手機殼
iGlaze for iPhone 8/7 Plus (SnapTo) - Armour Black,99MO090010,手機殼
Vesta for iPhone 8 Plus - Herringbone Gray,99MO090011,手機殼
Vesta for iPhone 7 Plus - Herringbone Gray,99MO090012,手機殼
XT Black for iPhone 8 Plus/7 Plus - Black,99MO090061,手機殼
Luxe for iPhone 7 plus - Black,99MO090202,手機殼
Vesta for iPhone 7 Plus - Blossom Pink,99MO090306,手機殼
Vesta for iPhone 7 Plus - Bahama Blue,99MO090514,手機殼
iGlaze for iPhone 8 Plus/7 Plus - Powder Blue,99MO090521,手機殼
Overture for iPhone 8/7 (AT&T) - Charcoal Black,99MO091003,手機殼
Overture for  iPhone 8 Plus/7 Plus (AT&T) - Charcoal Black,99MO091004,手機殼
Overture for iPhone 8 Plus/7 Plus (AT&T) - Daisy Pink,99MO091304,手機殼
Arcus Camera Insert - Graphite Gray,99MO094011,包款
Arcus - Vintage Brown,99MO094731,包款
Slim Wallet - Onyx Black,99MO095002,配件
Wristlet clutch - Vintage Brown,99MO095735,配件
Key Ring - Rainbow,99MO095941,配件
Adjustable Body Strap - Rainbow,99MO095943,配件
IonGlass for iPhone 8/7 - Black,99MO096001,手機貼
IonGlass for iPhone 8/7 - White,99MO096002,手機貼
IonGlass for Pixel 2 XL - Black,99MO096009,手機貼
IonGlass for LG V30 - Black,99MO096011,手機貼
IonGlass for Galaxy Note 8 - Black,99MO096012,手機貼
IonGlass for Galaxy S9 - Black,99MO096014,手機貼
IonGlass for Galaxy Note 9 - Black,99MO096023,手機貼
Vegan Leather Strap - Classic Black,99MO100002,配件
Vegan Leather Chain Strap - Classic Black,99MO100003,配件
Lula - Macaron Pink,99MO100302,包款
Vegan Leather Strap - Walnut Brown,99MO100731,配件
Vegan Leather Chain Strap - Walnut Brown,99MO100732,配件
iGlaze for iPhone XS/X (SnapTo) - Black,99MO101004,手機殼
Vitros for iPhone XS/X - Clear,99MO103901,手機殼
Vitros for iPhone 11 - Clear,99MO103907,手機殼
Vitros for Pixel 2 - Gray,99MO105032,手機殼
Vitros for Galaxy S9 - Gray,99MO105033,手機殼
Vitros for Galaxy S9+ - Gray,99MO105034,手機殼
Vitros for Galaxy S9 - Silver,99MO105201,手機殼
Vitros for Galaxy S9+ - Silver,99MO105202,手機殼
Vitros for Pixel 2 XL - Red,99MO105251,手機殼
Vitros for Pixel 2 - Red,99MO105321,手機殼
Vitros for Pixel 2 - Blue,99MO105511,手機殼
Tycho for Pixel 2 XL - Black,99MO106001,手機殼
Tycho for Pixel 2 - Black,99MO106002,手機殼
Tego Backpack - Stone Gray,99MO110261,包款
Tego Sling Messenger - Stone Gray,99MO110264,包款
SuperSkin for iPhone SE 2/8/7 - Black,99MO111061,手機殼
SuperSkin for iPhone 8 Plus - Black,99MO111062,手機殼
Treya Clutch - Jet Black,99MO118006,包包配件
Treya Shoulder Strap - Burgundy Red,99MO118322,包包配件
Treya Clutch - Canary Yellow,99MO118721,包包配件
Treya Clutch - Oak Brown,99MO118731,包包配件
Treya Shoulder Strap - Caramel Brown,99MO118753,包包配件
Treya Clutch - Caramel Brown,99MO118755,包包配件
Treya Clutch - Vermillion Orange,99MO118811,包包配件
Treya Shoulder Strap - Vermillion Orange,99MO118812,包包配件
Captus - Denim Blue,99MO120541,包款
SnapTo Universal Car Stand,99MO122008,車用配件
Vespo - Eclipse Black,99MO131001,包款
Avanti LT - Beige,99MO035713,耳機
Qubit 迷你 USB-C 充電器 (PD 快充 20W),99MO022173,充電器
iVisor AG for iPhone 13/13 Pro,99MO020047,手機貼
iVisor AG for iPhone 13 Pro Max,99MO020048,手機貼
iGlaze Slate Blue for 13 Pro Max,99MO132534,手機殼
iGlaze XT for iPhone 13 Pro Max,99MO132904,手機殼
iVisor AG for iPhone 13 Mini,99MO020046,手機貼
iGlaze Slate Blue for 13 Pro,99MO132533,手機殼
iGlaze XT for iPhone 13 Pro,99MO132903,手機殼
iGlaze Slate Blue for 13,99MO132532,手機殼
iGlaze XT for iPhone 13,99MO132902,手機殼
iGlaze XT for iPhone 13 Mini,99MO132901,手機殼
iGlaze Slate Blue for 13 Mini,99MO132531,手機殼
AirFoil Pro for iPhone 13 Mini,99MO044917,手機貼
AirFoil Pro for iPhone 13 Pro Max,99MO044919,手機貼
AirFoil Pro for iPhone 13/13 Pro,99MO044918,手機貼
Altra Midnight Blue for iPhone 13,99MO117532,手機殼
Altra Midnight Blue for iPhone 13 mini,99MO117531,手機殼
Altra Midnight Blue for iPhone 13 Pro,99MO117533,手機殼
Altra Midnight Blue for iPhone 13 Pro Max,99MO117534,手機殼
Altra Pink for iPhone 13,99MO117311,手機殼
Altra Pink for iPhone 13 Pro,99MO117312,手機殼
Altra Pink for iPhone 13 Pro Max,99MO117313,手機殼
Altra Sahara Beige for iPhone 13,99MO117702,手機殼
Altra Sahara Beige for iPhone 13 Pro,99MO117703,手機殼
Altra Sahara Beige for iPhone 13 Pro Max,99MO117704,手機殼
Arx Clear for iPhone 13,99MO132952,手機殼
Arx Clear for iPhone 13 Mini,99MO132951,手機殼
Arx Clear for iPhone 13 Pro,99MO132953,手機殼
Arx Clear for iPhone 13 Pro Max,99MO132954,手機殼
iGlaze Adriatic Blue 13,99MO132521,手機殼
iGlaze Adriatic Blue 13 Pro,99MO132522,手機殼
iGlaze Adriatic Blue 13 Pro Max,99MO132523,手機殼
iGlaze Astral Silver 13,99MO132921,手機殼
iGlaze Astral Silver 13 Pro,99MO132922,手機殼
iGlaze Astral Silver 13 Pro Max,99MO132923,手機殼
iGlaze Pink for 13,99MO132011,手機殼
iGlaze Pink for 13 Pro,99MO132012,手機殼
iGlaze Pink for 13 Pro Max,99MO132013,手機殼
iGlaze White for 13,99MO132102,手機殼
iGlaze White for 13 Pro,99MO132103,手機殼
iGlaze White for 13 Pro Max,99MO132104,手機殼
Overture iPhone 13 - Jet Black,99MO133012,手機殼
Overture iPhone 13 - Luna Pink,99MO133302,手機殼
Overture iPhone 13 mini - Jet Black,99MO133011,手機殼
Overture iPhone 13 Pro - Jet Black,99MO133013,手機殼
Overture iPhone 13 Pro - Luna Pink,99MO133303,手機殼
Overture iPhone 13 Pro Max - Jet Black,99MO133014,手機殼
Overture iPhone 13 Pro Max - Luna Pink,99MO133304,手機殼
Arx Mirage Black for iPhone 13 Mini,99MO134091,手機殼
Arx Mirage Black for iPhone 13,99MO134092,手機殼
Arx Mirage Black for iPhone 13 Pro,99MO134093,手機殼
Arx Mirage Black for iPhone 13 Pro Max,99MO134094,手機殼
SnapTo™ Crossbody Wallet Caramel Brown,99MO095755,包款
SnapTo™ Crossbody Wallet Seashell White,99MO095101,包款
Crossbody Phone Holster,99MO095016,包款